new_sku,item_name,category,unit,cost,retail,qty,store_type,selected_old_sku,merged_old_skus,source_count,review_flag,conflicts
FGH-BAR-DRINKS-001,PUNCH,BAR DRINKS,pcs,0,250.0,0,bar_store,MOG-BAR-0139,MOG-BAR-0139,1,REVIEW,
FGH-BEERS-001,BALOZI,BEERS,crate,4225.0,250.0,1000.0,bar_store,FG-190,FG-190,1,OK,
FGH-BEERS-002,BLACK ICE,BEERS,bottle,0,250.0,0,bar_store,FGB-STK-BTL-0010,FGB-STK-BTL-0010 | FG-191,2,HIGH,"UNIT, CATEGORY, NAME ALIAS"
FGH-BEERS-003,DESPERADO,BEERS,bottle,285.0,350.0,996.0,bar_store,FGB-BER-0011,FGB-BER-0011 | FG-192,2,MEDIUM,"RETAIL, CATEGORY"
FGH-BEERS-004,GUARANA,BEERS,can,175.96,250.0,1000.0,bar_store,FGB-CAN-0005,FGB-CAN-0005 | FG-450,2,HIGH,"UNIT, CATEGORY"
FGH-BEERS-005,GUINNESS,BEERS,bottle,204.0,300.0,1000.0,bar_store,FGB-BER-0005,FGB-BER-0005 | FG-193,2,HIGH,"UNIT, COST, CATEGORY"
FGH-BEERS-006,HEINEKEN,BEERS,pcs,263.0,263.0,0,bar_store,FG-194,FG-194,1,OK,
FGH-BEERS-007,HUNTERS BEER,BEERS,bottle,203.0,203.0,1000.0,bar_store,FGB-BER-0012,FGB-BER-0012,1,OK,
FGH-BEERS-008,HUNTERS CIDER DRY,BEERS,pcs,203.0,203.0,33.0,bar_store,FG-320,FG-320,1,OK,
FGH-BEERS-009,HUNTERS CIDER GOLD,BEERS,pcs,203.0,203.0,12.0,bar_store,FG-195,MOG-BAR-0153 | FG-195,2,MEDIUM,"CATEGORY, NAME ALIAS"
FGH-BEERS-010,KINGFISHER,BEERS,pcs,192.0,192.0,0,bar_store,FG-315,FG-315,1,OK,
FGH-BEERS-011,MANYATTA,BEERS,pcs,215.0,300.0,1000.0,bar_store,FG-196,FG-196,1,OK,
FGH-BEERS-012,PILSNER LAGER,BEERS,bottle,169.0,250.0,1000.0,bar_store,FGB-BER-0009,FGB-BER-0009 | FG-197,2,HIGH,"UNIT, COST, CATEGORY, NAME ALIAS"
FGH-BEERS-013,SAVANNA CIDER,BEERS,bottle,251.0,350.0,1000.0,bar_store,FGB-WHK-0024,FGB-WHK-0024 | FGB-STK-MIX-0004 | FG-198,3,MEDIUM,"RETAIL, CATEGORY, NAME ALIAS"
FGH-BEERS-014,SIKERA,BEERS,crate,3275.0,250.0,1000.0,bar_store,FG-199,FG-199,1,OK,
FGH-BEERS-015,SNAPP,BEERS,crate,3982.0,250.0,1000.0,bar_store,FG-200,FG-200,1,OK,
FGH-BEERS-016,SUMMIT LAGER,BEERS,pcs,240.0,300.0,1000.0,bar_store,FG-201,FG-201,1,OK,
FGH-BEERS-017,TUSKER CIDER,BEERS,crate,5552.0,250.0,1000.0,bar_store,FG-202,FG-202,1,OK,
FGH-BEERS-018,TUSKER LAGER,BEERS,crate,4225.0,250.0,1000.0,bar_store,FG-203,FG-203,1,OK,
FGH-BEERS-019,TUSKER LITE,BEERS,crate,4667.0,250.0,1000.0,bar_store,FG-204,FG-204,1,OK,
FGH-BEERS-020,TUSKER MALT,BEERS,crate,4075.0,250.0,1000.0,bar_store,FG-205,FG-205,1,OK,
FGH-BEERS-021,WHITE CAP LAGER,BEERS,bottle,195.92,250.0,1000.0,bar_store,FGB-BER-0013,FGB-BER-0013 | FG-206,2,HIGH,"UNIT, COST, CATEGORY, NAME ALIAS"
FGH-BEERS-022,WHITE CAP LITE,BEERS,crate,4075.0,250.0,1000.0,bar_store,FG-207,FG-207,1,OK,
FGH-BEERS-023,WINDHOEK,BEERS,pcs,190.0,190.0,0,bar_store,FG-395,FG-395,1,OK,
FGH-CANNED-BEERS-001,ALVARO CAN,CANNED BEERS,can,0,200.0,0,bar_store,FGB-STK-MIX-0003,FGB-STK-MIX-0003 | FG-425,2,MEDIUM,"CATEGORY, NAME ALIAS"
FGH-CANNED-BEERS-002,BALOZI CAN,CANNED BEERS,pcs,199.2,300.0,1000.0,bar_store,FG-208,FG-208,1,OK,
FGH-CANNED-BEERS-003,BLACK ICE CAN,CANNED BEERS,pcs,175.96,300.0,1000.0,bar_store,FG-209,FG-209,1,OK,
FGH-CANNED-BEERS-004,FAXE CAN,CANNED BEERS,pcs,825.0,825.0,0,bar_store,FG-210,FGB-STK-CAN-0011 | FG-210,2,MEDIUM,"CATEGORY, NAME ALIAS"
FGH-CANNED-BEERS-005,GORDONS CAN,CANNED BEERS,can,175.96,300.0,1000.0,bar_store,FGB-CAN-0012,FGB-CAN-0012,1,OK,
FGH-CANNED-BEERS-006,GUARANA PUNCH,CANNED BEERS,can,175.96,250.0,1000.0,bar_store,FGB-CAN-0010,FGB-CAN-0010 | FG-423,2,MEDIUM,CATEGORY
FGH-CANNED-BEERS-007,GUINNESS CAN,CANNED BEERS,can,216.71,300.0,1000.0,bar_store,FGB-CAN-0001,FGB-CAN-0001 | FG-211,2,MEDIUM,CATEGORY
FGH-CANNED-BEERS-008,HEINEKEN CAN,CANNED BEERS,pcs,0,0,0,bar_store,FG-422,FG-422,1,OK,
FGH-CANNED-BEERS-009,MANYATTA CAN,CANNED BEERS,pcs,0,0,0,bar_store,FG-451,FG-451,1,OK,
FGH-CANNED-BEERS-010,PILSNER CAN,CANNED BEERS,pcs,138.75,300.0,1000.0,bar_store,FG-212,FG-212,1,OK,
FGH-CANNED-BEERS-011,SAVANNA RASPBERRY TWIST,CANNED BEERS,can,175.96,250.0,1000.0,bar_store,FGB-CAN-0011,FGB-CAN-0011 | FG-424,2,MEDIUM,"CATEGORY, NAME ALIAS"
FGH-CANNED-BEERS-012,SNAPP CAN,CANNED BEERS,pcs,175.96,300.0,1000.0,bar_store,FG-213,FG-213,1,OK,
FGH-CANNED-BEERS-013,TUSKER CIDER CAN,CANNED BEERS,pcs,234.0,300.0,1000.0,bar_store,FG-214,FG-214,1,OK,
FGH-CANNED-BEERS-014,TUSKER LAGER CAN,CANNED BEERS,pcs,199.1,300.0,1000.0,bar_store,FG-215,FG-215,1,OK,
FGH-CANNED-BEERS-015,TUSKER LITE CAN,CANNED BEERS,pcs,243.0,300.0,1000.0,bar_store,FG-216,FG-216,1,OK,
FGH-CANNED-BEERS-016,TUSKER MALT CAN,CANNED BEERS,pcs,242.0,300.0,1000.0,bar_store,FG-217,FG-217,1,OK,
FGH-CANNED-BEERS-017,WHITE CAP CAN,CANNED BEERS,pcs,242.0,242.0,1000.0,bar_store,FG-218,FG-218,1,OK,
FGH-CLEANING-MATERIALS-001,CERAMIC STAIN REMOVER,CLEANING MATERIALS,L,0,0,1000.0,foodstuffs,FG-118,FG-118,1,OK,
FGH-CLEANING-MATERIALS-002,GROUT STAIN REMOVER,CLEANING MATERIALS,L,0,0,1000.0,foodstuffs,FG-115,FG-115,1,OK,
FGH-CLEANING-MATERIALS-003,INDUSTRIAL JIK,CLEANING MATERIALS,L,0,0,1000.0,foodstuffs,FG-117,FG-117,1,OK,
FGH-CLEANING-MATERIALS-004,SCOURING POWDER,CLEANING MATERIALS,pcs,0,0,1000.0,foodstuffs,FG-116,FG-116,1,OK,
FGH-CLEANING-MATERIALS-005,TOILET DISINFECTANT,CLEANING MATERIALS,L,0,0,1000.0,foodstuffs,FG-113,FG-113,1,OK,
FGH-CLEANING-MATERIALS-006,WASHING POWDER,CLEANING MATERIALS,kg,1200.0,1200.0,1000.0,foodstuffs,FG-176,FG-176,1,OK,
FGH-COGNAC-001,HENNESSY,COGNAC,bottle,4600.0,6500.0,1000.0,bar_store,FGB-COG-0001,FGB-STK-WHK-0023 | FGB-COG-0001 | FG-402,3,MEDIUM,"RETAIL, CATEGORY, NAME ALIAS"
FGH-COGNAC-002,HENNESSY 1L,COGNAC,pcs,0,13500.0,0,bar_store,MOG-BAR-0204,MOG-BAR-0204,1,OK,
FGH-COGNAC-003,HENNESSY 700ML,COGNAC,pcs,0,7500.0,0,bar_store,MOG-BAR-0203,MOG-BAR-0203,1,OK,
FGH-COGNAC-004,HENNESSY VSOP 700ML,COGNAC,pcs,9200.0,9200.0,3.0,bar_store,FG-267,FGB-STK-WHK-0024 | FG-267,2,MEDIUM,"CATEGORY, NAME ALIAS"
FGH-COGNAC-005,MARTELL 750ML,COGNAC,bottle,0,8500.0,0,bar_store,FGB-STK-WHK-0025,MOG-BAR-0201 | FGB-STK-WHK-0025,2,MEDIUM,NAME ALIAS
FGH-COGNAC-006,MARTELL VS 700ML,COGNAC,bottle,4764.0,8500.0,1000.0,bar_store,FGB-COG-0003,FGB-COG-0003 | FG-287,2,MEDIUM,"RETAIL, CATEGORY, NAME ALIAS"
FGH-COGNAC-007,MARTELL VSOP 700ML,COGNAC,bottle,7865.0,13000.0,1000.0,bar_store,FGB-COG-0004,FGB-COG-0004 | FGB-STK-WHK-0026 | FG-288,3,HIGH,"RETAIL, COST, CATEGORY, NAME ALIAS"
FGH-CONDOMS-001,KISS,CONDOMS,pcs,0,100.0,0,non_consumables,FGB-STK-OTH-0002,FGB-STK-OTH-0002 | FG-444,2,MEDIUM,"CATEGORY, NAME ALIAS"
FGH-CONDOMS-002,STUDDED,CONDOMS,pcs,39.5,100.0,976.0,non_consumables,FGB-OTH-0006,FGB-OTH-0006 | FG-397,2,HIGH,"RETAIL, COST, CATEGORY, NAME ALIAS"
FGH-CONDOMS-003,TRUST CLASSIC,CONDOMS,pcs,30.0,0,976.0,non_consumables,FG-NC-001,FG-NC-001,1,OK,
FGH-DRY-GOODS-001,13KG GAS,DRY GOODS,pcs,2400.0,2400.0,1000.0,foodstuffs,FG-363,FG-363,1,OK,
FGH-DRY-GOODS-002,50KG GAS,DRY GOODS,pcs,1050.0,8500.0,1000.0,foodstuffs,FG-151,FG-151,1,OK,
FGH-DRY-GOODS-003,6KG,DRY GOODS,pcs,350.0,1250.0,1000.0,foodstuffs,FG-153,FG-153,1,OK,
FGH-DRY-GOODS-004,6KG GAS,DRY GOODS,pcs,1250.0,1050.0,1000.0,foodstuffs,FG-157,FG-157,1,OK,
FGH-DRY-GOODS-005,AIR FRESHENERS,DRY GOODS,pcs,1980.0,1980.0,974.0,foodstuffs,FG-9,FG-9,1,OK,
FGH-DRY-GOODS-006,AJAB UGALI,DRY GOODS,bale,265.0,265.0,538.0,foodstuffs,FG-2,FG-2,1,OK,
FGH-DRY-GOODS-007,ATTARMARK,DRY GOODS,pcs,1284.0,265.0,993.0,foodstuffs,FG-383,FG-383,1,OK,
FGH-DRY-GOODS-008,BACON,DRY GOODS,pkt,400.0,400.0,1000.0,foodstuffs,FG-82,FG-82,1,OK,
FGH-DRY-GOODS-009,BAKED BEANS,DRY GOODS,pcs,20.0,400.0,1000.0,foodstuffs,FG-189,FG-189,1,OK,
FGH-DRY-GOODS-010,BAKING POWDER,DRY GOODS,pcs,10.0,20.0,994.0,foodstuffs,FG-61,FG-61,1,OK,
FGH-DRY-GOODS-011,BANANAS,DRY GOODS,pcs,180.0,10.0,1000.0,foodstuffs,FG-150,FG-150,1,OK,
FGH-DRY-GOODS-012,BAR SOAP,DRY GOODS,pcs,70.0,202.0,994.0,foodstuffs,FG-40,FG-40,1,OK,
FGH-DRY-GOODS-013,BASMATI RICE,DRY GOODS,kg,10.0,10.0,895.0,foodstuffs,FG-5,FG-5,1,OK,
FGH-DRY-GOODS-014,BATTERIES AA,DRY GOODS,pcs,50.0,70.0,1000.0,foodstuffs,FG-354,FG-354,1,OK,
FGH-DRY-GOODS-015,BATTERIES AAA,DRY GOODS,pcs,850.0,50.0,1000.0,foodstuffs,FG-369,FG-369,1,OK,
FGH-DRY-GOODS-016,BAYGON,DRY GOODS,pcs,250.0,650.0,1000.0,foodstuffs,FG-392,FG-392,1,OK,
FGH-DRY-GOODS-017,BEEF MASALA,DRY GOODS,pcs,680.0,250.0,1000.0,foodstuffs,FG-339,FG-339,1,OK,
FGH-DRY-GOODS-018,BEEF STEAK,DRY GOODS,pcs,32.5,680.0,1000.0,foodstuffs,FG-79,FG-79,1,OK,
FGH-DRY-GOODS-019,BEETROOTS,DRY GOODS,pcs,30.0,30.0,1000.0,bar_store,FG-346,FG-346,1,OK,
FGH-DRY-GOODS-020,BELLA TISSUE,DRY GOODS,pcs,45.0,22.0,430.0,foodstuffs,FG-44,FG-44,1,OK,
FGH-DRY-GOODS-021,BICARBONATE,DRY GOODS,pcs,10.0,45.0,970.0,foodstuffs,FG-385,FG-385,1,OK,
FGH-DRY-GOODS-022,BIRO PENS,DRY GOODS,pcs,150.0,10.0,976.0,foodstuffs,FG-38,FG-38,1,OK,
FGH-DRY-GOODS-023,BLACK PEPPER,DRY GOODS,pcs,2970.0,150.0,999.0,foodstuffs,FG-46,FG-46,1,OK,
FGH-DRY-GOODS-024,BLUE BAND,DRY GOODS,pcs,60.0,2970.0,1000.0,foodstuffs,FG-7,FG-7,1,OK,
FGH-DRY-GOODS-025,BROCCOLI,DRY GOODS,kg,60.0,60.0,1000.0,foodstuffs,FG-170,FG-170,1,OK,
FGH-DRY-GOODS-026,BROILERS,DRY GOODS,pcs,600.0,600.0,352.0,foodstuffs,FG-15,FG-15,1,OK,
FGH-DRY-GOODS-027,BROILERS EGGS,DRY GOODS,pcs,450.0,450.0,1000.0,foodstuffs,FG-20,FG-20,1,OK,
FGH-DRY-GOODS-028,BROOMS,DRY GOODS,pcs,50.0,50.0,1000.0,foodstuffs,FG-370,FG-370,1,OK,
FGH-DRY-GOODS-029,BROWN BREAD,DRY GOODS,pcs,57.0,57.0,1000.0,foodstuffs,FG-111,FG-111,1,OK,
FGH-DRY-GOODS-030,BROWN KHAKI,DRY GOODS,pcs,200.0,200.0,1000.0,foodstuffs,FG-352,FG-352,1,OK,
FGH-DRY-GOODS-031,BUTTERNUT,DRY GOODS,kg,80.0,80.0,1000.0,foodstuffs,FG-91,FG-91,1,OK,
FGH-DRY-GOODS-032,CABBAGES,DRY GOODS,pcs,45.0,50.0,605.0,foodstuffs,FG-32,FG-32,1,OK,
FGH-DRY-GOODS-033,CARDAMOMS,DRY GOODS,pkt,85.0,150.0,1000.0,foodstuffs,FG-341,FG-341,1,OK,
FGH-DRY-GOODS-034,CARRIER BAGS #15,DRY GOODS,pcs,150.0,85.0,979.0,foodstuffs,FG-8,FG-8,1,OK,
FGH-DRY-GOODS-035,CARRIER BAGS #22,DRY GOODS,pkt,125.0,125.0,977.0,foodstuffs,FG-351,FG-351,1,OK,
FGH-DRY-GOODS-036,CARROTS,DRY GOODS,kg,30.0,80.0,878.0,foodstuffs,FG-107,FG-107,1,OK,
FGH-DRY-GOODS-037,CHARCOAL,DRY GOODS,sack,1450.0,1450.0,969.5,foodstuffs,FG-109,FG-109,1,OK,
FGH-DRY-GOODS-038,CHICKEN BITES,DRY GOODS,pkt,375.0,375.0,1000.0,foodstuffs,FG-77,FG-77,1,OK,
FGH-DRY-GOODS-039,CHICKEN MASALA,DRY GOODS,pcs,250.0,250.0,999.0,foodstuffs,FG-340,FG-340,1,OK,
FGH-DRY-GOODS-040,CHILLI SAUCE,DRY GOODS,pcs,450.0,450.0,999.0,foodstuffs,FG-124,FG-124,1,OK,
FGH-DRY-GOODS-041,CHILLIE SAUCE SACHETS,DRY GOODS,pkt,900.0,900.0,1000.0,foodstuffs,FG-344,FG-344,1,OK,
FGH-DRY-GOODS-042,CINNAMON,DRY GOODS,pcs,230.0,230.0,999.0,foodstuffs,FG-122,FG-122,1,OK,
FGH-DRY-GOODS-043,COCONUT CREAM,DRY GOODS,pcs,285.0,320.0,1000.0,foodstuffs,FG-60,FG-60,1,OK,
FGH-DRY-GOODS-044,COCONUT MILK,DRY GOODS,pcs,290.0,300.0,1000.0,foodstuffs,FG-59,FG-59,1,OK,
FGH-DRY-GOODS-045,COFFEE CUPS,DRY GOODS,pcs,375.0,375.0,850.0,foodstuffs,FG-129,FG-129,1,OK,
FGH-DRY-GOODS-046,COLGATE,DRY GOODS,pcs,800.0,800.0,1000.0,foodstuffs,FG-186,FG-186,1,OK,
FGH-DRY-GOODS-047,COOKING OIL,DRY GOODS,can,4600.0,5050.0,971.0,foodstuffs,FG-4,FG-4,1,OK,
FGH-DRY-GOODS-048,CORN FLOUR,DRY GOODS,pkt,107.0,107.0,978.0,foodstuffs,FG-76,FG-76,1,OK,
FGH-DRY-GOODS-049,CORNFLAKES,DRY GOODS,pkt,350.0,350.0,1000.0,foodstuffs,FG-119,FG-119,1,OK,
FGH-DRY-GOODS-050,COTTON,DRY GOODS,pkt,200.0,200.0,1000.0,foodstuffs,FG-132,FG-132,1,OK,
FGH-DRY-GOODS-051,COURGETS,DRY GOODS,kg,40.0,40.0,1000.0,foodstuffs,FG-185,FG-185,1,OK,
FGH-DRY-GOODS-052,CUCUMBER,DRY GOODS,pcs,40.0,40.0,1000.0,foodstuffs,FG-168,FG-168,1,OK,
FGH-DRY-GOODS-053,CURRY POWDER,DRY GOODS,pcs,250.0,250.0,1000.0,foodstuffs,FG-57,FG-57,1,OK,
FGH-DRY-GOODS-054,DANA JEERA,DRY GOODS,pcs,215.0,215.0,1000.0,foodstuffs,FG-162,FG-162,1,OK,
FGH-DRY-GOODS-055,DARK SOY SAUCE,DRY GOODS,pcs,350.0,325.0,976.0,foodstuffs,FG-63,FG-63,1,OK,
FGH-DRY-GOODS-056,DETTOL,DRY GOODS,L,225.0,225.0,1000.0,foodstuffs,FG-187,FG-187,1,OK,
FGH-DRY-GOODS-057,DHANIA,DRY GOODS,kg,100.0,100.0,1000.0,foodstuffs,FG-155,FG-155 | FG-393,2,MEDIUM,NAME ALIAS
FGH-DRY-GOODS-058,DOOM,DRY GOODS,pcs,500.0,1300.0,1000.0,foodstuffs,FG-93,FG-93,1,OK,
FGH-DRY-GOODS-059,DORMANTS,DRY GOODS,pcs,1300.0,345.0,1000.0,foodstuffs,FG-407,FG-407,1,OK,
FGH-DRY-GOODS-060,DOWNY,DRY GOODS,L,500.0,300.0,970.0,foodstuffs,FG-368,FG-368,1,OK,
FGH-DRY-GOODS-061,DRINKING CHOCOLATE,DRY GOODS,pcs,100.0,30.0,990.0,foodstuffs,FG-12,FG-12,1,OK,
FGH-DRY-GOODS-062,EASY WARM,DRY GOODS,pcs,800.0,800.0,1000.0,foodstuffs,FG-138,FG-138,1,OK,
FGH-DRY-GOODS-063,EGG YELLOW,DRY GOODS,pcs,60.0,21.0,891.0,foodstuffs,FG-51,FG-51,1,OK,
FGH-DRY-GOODS-064,ENVELOPE A4,DRY GOODS,pcs,10.0,10.0,1000.0,foodstuffs,FG-358,FG-358,1,OK,
FGH-DRY-GOODS-065,ENVELOPE A5,DRY GOODS,pcs,5.0,5.0,1000.0,foodstuffs,FG-359,FG-359,1,OK,
FGH-DRY-GOODS-066,EXE ALL PURPOSE,DRY GOODS,pkt,155.0,166.0,906.0,foodstuffs,FG-3,FG-3,1,OK,
FGH-DRY-GOODS-067,FALCON RICE,DRY GOODS,kg,100.0,100.0,996.0,foodstuffs,FG-399,FG-399,1,OK,
FGH-DRY-GOODS-068,FAMILA WIMBI,DRY GOODS,pkt,100.0,100.0,994.0,foodstuffs,FG-390,FG-390,1,OK,
FGH-DRY-GOODS-069,FILM,DRY GOODS,pcs,700.0,700.0,991.0,foodstuffs,FG-96,FG-96,1,OK,
FGH-DRY-GOODS-070,FISH,DRY GOODS,kg,280.0,280.0,530.0,foodstuffs,FG-18,FG-18,1,OK,
FGH-DRY-GOODS-071,FISH FILLETS,DRY GOODS,kg,275.0,275.0,1000.0,foodstuffs,FG-145,FG-145,1,OK,
FGH-DRY-GOODS-072,FISH MASALA,DRY GOODS,pcs,200.0,200.0,998.0,foodstuffs,FG-58,FG-58,1,OK,
FGH-DRY-GOODS-073,FOIL,DRY GOODS,pcs,1400.0,1400.0,990.0,foodstuffs,FG-97,FG-97,1,OK,
FGH-DRY-GOODS-074,FRESH MILK,DRY GOODS,L,0,0,0,foodstuffs,FG-443,FG-443 | FGH-FOOD-FRESHM-0001,2,MEDIUM,CATEGORY
FGH-DRY-GOODS-075,GARAM MASALA,DRY GOODS,pcs,190.0,190.0,997.0,foodstuffs,FG-45,FG-45,1,OK,
FGH-DRY-GOODS-076,GARLIC,DRY GOODS,pcs,25.0,25.0,955.0,foodstuffs,FG-92,FG-92,1,OK,
FGH-DRY-GOODS-077,GARLIC POWDER,DRY GOODS,pcs,180.0,180.0,990.0,foodstuffs,FG-49,FG-49,1,OK,
FGH-DRY-GOODS-078,GINGER,DRY GOODS,kg,250.0,200.0,976.0,foodstuffs,FG-88,FG-88,1,OK,
FGH-DRY-GOODS-079,GINGER POWDER,DRY GOODS,pcs,150.0,150.0,999.0,foodstuffs,FG-48,FG-48,1,OK,
FGH-DRY-GOODS-080,GRAM FLOUR,DRY GOODS,pkt,450.0,450.0,1000.0,foodstuffs,FG-366,FG-366,1,OK,
FGH-DRY-GOODS-081,HAIRNETS,DRY GOODS,pcs,1.0,1.0,780.0,foodstuffs,FG-371,FG-371,1,OK,
FGH-DRY-GOODS-082,HAND TOWELS,DRY GOODS,pcs,162.0,162.0,914.0,foodstuffs,FG-95,FG-95,1,OK,
FGH-DRY-GOODS-083,HAND WASH,DRY GOODS,L,60.0,60.0,966.0,foodstuffs,FG-387,FG-387,1,OK,
FGH-DRY-GOODS-084,HANNAN TISSUE,DRY GOODS,pcs,35.0,35.0,1000.0,foodstuffs,FG-43,FG-43,1,OK,
FGH-DRY-GOODS-085,HARPIC,DRY GOODS,L,160.0,160.0,1000.0,foodstuffs,FG-348,FG-348,1,OK,
FGH-DRY-GOODS-086,HOHO,DRY GOODS,pcs,10.0,10.0,870.0,foodstuffs,FG-89,FG-89,1,OK,
FGH-DRY-GOODS-087,HONEY CARTON,DRY GOODS,ctn,2700.0,2700.0,1000.0,foodstuffs,FG-67,FG-67,1,OK,
FGH-DRY-GOODS-088,HONEY PIECES,DRY GOODS,pcs,150.0,150.0,935.0,foodstuffs,FG-342,FG-342,1,OK,
FGH-DRY-GOODS-089,IDP,DRY GOODS,pcs,1150.0,1120.0,996.0,foodstuffs,FG-34,FG-34,1,OK,
FGH-DRY-GOODS-090,JIK,DRY GOODS,L,100.0,100.0,997.0,foodstuffs,FG-98,FG-98,1,OK,
FGH-DRY-GOODS-091,JOGOO WIMBI,DRY GOODS,pkt,100.0,100.0,998.0,foodstuffs,FG-389,FG-389,1,OK,
FGH-DRY-GOODS-092,JUICE STRAWS,DRY GOODS,pkt,180.0,180.0,993.0,foodstuffs,FG-160,FG-160,1,OK,
FGH-DRY-GOODS-093,JUMBO TISSUE,DRY GOODS,pcs,105.0,105.0,980.0,foodstuffs,FG-94,FG-94,1,OK,
FGH-DRY-GOODS-094,KAMANDE,DRY GOODS,kg,100.0,100.0,1000.0,foodstuffs,FG-181,FG-181,1,OK,
FGH-DRY-GOODS-095,KENTASTE COCONUT OIL,DRY GOODS,pcs,0,0,0,foodstuffs,FGH-FOOD-KENTAS-0001,FGH-FOOD-KENTAS-0001 | FGB-STK-BRC-0002,2,MEDIUM,CATEGORY
FGH-DRY-GOODS-096,KETCHUP,DRY GOODS,pcs,500.0,500.0,1000.0,foodstuffs,FG-163,FG-163,1,OK,
FGH-DRY-GOODS-097,KHAKI PAPERS,DRY GOODS,pkt,290.0,290.0,975.0,foodstuffs,FG-22,FG-22,1,OK,
FGH-DRY-GOODS-098,KIENYEJI EGGS,DRY GOODS,pcs,25.0,25.0,1000.0,foodstuffs,FG-166,FG-166 | FG-108,2,MEDIUM,"COST, RETAIL, NAME ALIAS"
FGH-DRY-GOODS-099,KITCHEN CLEANER,DRY GOODS,pcs,240.0,240.0,998.0,foodstuffs,FG-137,FG-137,1,OK,
FGH-DRY-GOODS-100,KITCHEN ROLL,DRY GOODS,pcs,0,0,962.0,foodstuffs,FG-404,FG-404,1,OK,
FGH-DRY-GOODS-101,KUKU KIENYEJI,DRY GOODS,pcs,800.0,800.0,1000.0,foodstuffs,FG-37,FG-37,1,OK,
FGH-DRY-GOODS-102,LEEKS,DRY GOODS,kg,30.0,30.0,1000.0,foodstuffs,FG-171,FG-171,1,OK,
FGH-DRY-GOODS-103,LEMON SQUEEZER,DRY GOODS,pcs,500.0,500.0,1000.0,foodstuffs,FG-175,FG-175,1,OK,
FGH-DRY-GOODS-104,LEMONS,DRY GOODS,kg,80.0,80.0,881.0,foodstuffs,FG-87,FG-87,1,OK,
FGH-DRY-GOODS-105,LETTUCE,DRY GOODS,pcs,100.0,100.0,1000.0,foodstuffs,FG-169,FG-169,1,OK,
FGH-DRY-GOODS-106,LIGHT SOY SAUCE,DRY GOODS,pcs,350.0,300.0,1000.0,foodstuffs,FG-64,FG-64 | FGB-STK-BEV-0012,2,MEDIUM,CATEGORY
FGH-DRY-GOODS-107,MACARONI,DRY GOODS,pkt,350.0,350.0,1000.0,foodstuffs,FG-183,FG-183,1,OK,
FGH-DRY-GOODS-108,MANAGU,DRY GOODS,kg,100.0,100.0,1000.0,foodstuffs,FG-104,FG-104,1,OK,
FGH-DRY-GOODS-109,MANGOES,DRY GOODS,pcs,40.0,40.0,815.0,foodstuffs,FG-35,FG-35,1,OK,
FGH-DRY-GOODS-110,MARA MOJA,DRY GOODS,pcs,100.0,100.0,999.0,foodstuffs,FG-367,FG-367,1,OK,
FGH-DRY-GOODS-111,MARKER PENS,DRY GOODS,pcs,30.0,30.0,1000.0,foodstuffs,FG-357,FG-357,1,OK,
FGH-DRY-GOODS-112,MASTER MAIZE MEAL,DRY GOODS,pkt,150.0,150.0,1000.0,foodstuffs,FG-400,FG-400,1,OK,
FGH-DRY-GOODS-113,MATCHBOX,DRY GOODS,pcs,26.0,26.0,988.0,foodstuffs,FG-99,FG-99,1,OK,
FGH-DRY-GOODS-114,MATOKE,DRY GOODS,kg,300.0,300.0,1000.0,foodstuffs,FG-165,FG-165,1,OK,
FGH-DRY-GOODS-115,MAYONNAISE,DRY GOODS,pcs,620.0,620.0,1000.0,foodstuffs,FG-416,FG-416,1,OK,
FGH-DRY-GOODS-116,MAYONNAISE 5L,DRY GOODS,pcs,1150.0,1150.0,995.0,foodstuffs,FG-374,FG-374,1,OK,
FGH-DRY-GOODS-117,MBUZI,DRY GOODS,kg,700.0,700.0,1000.0,foodstuffs,FG-149,FG-149,1,OK,
FGH-DRY-GOODS-118,MELONS,DRY GOODS,pcs,350.0,350.0,982.0,foodstuffs,FG-29,FG-29,1,OK,
FGH-DRY-GOODS-119,MFALME,DRY GOODS,pcs,758.0,758.0,1000.0,foodstuffs,FG-406,FG-406,1,OK,
FGH-DRY-GOODS-120,MILK PACKET,DRY GOODS,ctn,650.0,680.0,947.0,foodstuffs,FG-106,FG-106,1,OK,
FGH-DRY-GOODS-121,MILO SACHETS,DRY GOODS,pcs,20.0,20.0,997.0,foodstuffs,FG-13,FG-13,1,OK,
FGH-DRY-GOODS-122,MINCED MEAT,DRY GOODS,kg,680.0,680.0,1000.0,foodstuffs,FG-80,FG-80,1,OK,
FGH-DRY-GOODS-123,MINTS,DRY GOODS,pcs,130.0,204.0,1000.0,foodstuffs,FG-26,FG-26,1,OK,
FGH-DRY-GOODS-124,MIXED BLUT,DRY GOODS,pcs,550.0,0,1000.0,foodstuffs,FG-169-2,FG-169-2,1,OK,
FGH-DRY-GOODS-125,MIXED VEGES,DRY GOODS,pkt,180.0,180.0,980.0,foodstuffs,FG-17,FG-17,1,OK,
FGH-DRY-GOODS-126,MOPPERS,DRY GOODS,pcs,250.0,250.0,1000.0,foodstuffs,FG-388,FG-388,1,OK,
FGH-DRY-GOODS-127,MOZZARELLA CHEESE,DRY GOODS,pkt,1250.0,1250.0,1000.0,foodstuffs,FG-345,FG-345,1,OK,
FGH-DRY-GOODS-128,MULTIPURPOSE DETERGENT,DRY GOODS,L,50.0,50.0,600.0,foodstuffs,FG-188,FG-188,1,OK,
FGH-DRY-GOODS-129,MURSIK,DRY GOODS,L,80.0,80.0,1000.0,foodstuffs,FG-105,FG-105,1,OK,
FGH-DRY-GOODS-130,MUSHROOM CAN,DRY GOODS,pcs,560.0,560.0,1000.0,foodstuffs,FG-62,FG-62,1,OK,
FGH-DRY-GOODS-131,MUTTON,DRY GOODS,kg,680.0,680.0,1000.0,foodstuffs,FG-81,FG-81,1,OK,
FGH-DRY-GOODS-132,NDENGU,DRY GOODS,kg,50.0,50.0,1000.0,foodstuffs,FG-182,FG-182,1,OK,
FGH-DRY-GOODS-133,NDUMA,DRY GOODS,pcs,100.0,150.0,1000.0,foodstuffs,FG-36,FG-36,1,OK,
FGH-DRY-GOODS-134,NESCAFE,DRY GOODS,pcs,10.0,10.0,635.0,foodstuffs,FG-133,FG-133,1,OK,
FGH-DRY-GOODS-135,NOTEBOOKS,DRY GOODS,pcs,35.0,35.0,1000.0,foodstuffs,FG-184,FG-184,1,OK,
FGH-DRY-GOODS-136,ONIONS,DRY GOODS,kg,65.0,130.0,849.0,foodstuffs,FG-84,FG-84,1,OK,
FGH-DRY-GOODS-137,ORDINARY GLASSES,DRY GOODS,pcs,65.0,50.0,418.0,foodstuffs,FG-140,FG-140,1,OK,
FGH-DRY-GOODS-138,OREGANO,DRY GOODS,pcs,50.0,50.0,1000.0,foodstuffs,FG-55,FG-55,1,OK,
FGH-DRY-GOODS-139,PAPRIKA,DRY GOODS,pcs,190.0,195.0,999.0,foodstuffs,FG-50,FG-50,1,OK,
FGH-DRY-GOODS-140,PAWPAW,DRY GOODS,pcs,130.0,200.0,1000.0,foodstuffs,FG-31,FG-31,1,OK,
FGH-DRY-GOODS-141,PEAS,DRY GOODS,kg,70.0,70.0,1000.0,foodstuffs,FG-146,FG-146,1,OK,
FGH-DRY-GOODS-142,PEPPER,DRY GOODS,pcs,10.0,10.0,1000.0,foodstuffs,FG-180,FG-180,1,OK,
FGH-DRY-GOODS-143,PILAU MASALA,DRY GOODS,pcs,50.0,285.0,993.0,foodstuffs,FG-52,FG-52,1,OK,
FGH-DRY-GOODS-144,PILAU MASALA WHOLE,DRY GOODS,pcs,50.0,280.0,1000.0,foodstuffs,FG-53,FG-53,1,OK,
FGH-DRY-GOODS-145,PILIPILI,DRY GOODS,pcs,190.0,5.0,1000.0,foodstuffs,FG-154,FG-154,1,OK,
FGH-DRY-GOODS-146,PINEAPPLES,DRY GOODS,pcs,150.0,150.0,945.0,foodstuffs,FG-30,FG-30,1,OK,
FGH-DRY-GOODS-147,PORKCHOPS,DRY GOODS,pkt,1085.0,1085.0,1000.0,foodstuffs,FG-83,FG-83,1,OK,
FGH-DRY-GOODS-148,POTATOES,DRY GOODS,kg,50.0,55.0,0,foodstuffs,FG-86,FG-86,1,OK,
FGH-DRY-GOODS-149,PRESTIGE,DRY GOODS,pcs,363.0,370.0,987.0,foodstuffs,FG-373,FG-373,1,OK,
FGH-DRY-GOODS-150,PURE WIMBI,DRY GOODS,pkt,200.0,200.0,996.0,foodstuffs,FG-39,FG-39,1,OK,
FGH-DRY-GOODS-151,REAM,DRY GOODS,pcs,235.0,0,1000.0,foodstuffs,FG-401,FG-401,1,OK,
FGH-DRY-GOODS-152,ROSEMARY LEAVE,DRY GOODS,pcs,21.0,10.0,1000.0,foodstuffs,FG-384,FG-384,1,OK,
FGH-DRY-GOODS-153,ROUND SOAPS,DRY GOODS,pcs,460.0,21.0,1000.0,foodstuffs,FG-41,FG-41,1,OK,
FGH-DRY-GOODS-154,ROYCO CUBES,DRY GOODS,pcs,75.0,118.0,977.0,foodstuffs,FG-391,FG-391,1,OK,
FGH-DRY-GOODS-155,SACKS,DRY GOODS,pcs,460.0,50.0,1000.0,foodstuffs,FG-375,FG-375,1,OK,
FGH-DRY-GOODS-156,SALT PER 2KG,DRY GOODS,pkt,568.0,75.0,984.0,foodstuffs,FG-343,FG-343,1,OK,
FGH-DRY-GOODS-157,SALT SACHETS,DRY GOODS,pkt,60.0,460.0,990.0,foodstuffs,FG-73,FG-73,1,OK,
FGH-DRY-GOODS-158,SAUSAGES,DRY GOODS,pcs,160.0,568.0,855.0,foodstuffs,FG-16,FG-16,1,OK,
FGH-DRY-GOODS-159,SCRUBBERS,DRY GOODS,pcs,160.0,50.0,978.0,foodstuffs,FG-28,FG-28,1,OK,
FGH-DRY-GOODS-160,SELFRAISING,DRY GOODS,pkt,160.0,165.0,959.0,foodstuffs,FG-14,FG-14,1,OK,
FGH-DRY-GOODS-161,SERVIETTES,DRY GOODS,pcs,260.0,70.0,622.0,foodstuffs,FG-121,FG-121,1,OK,
FGH-DRY-GOODS-162,SHOWER GEL,DRY GOODS,pcs,130.0,18.0,1000.0,foodstuffs,FG-42,FG-42,1,OK,
FGH-DRY-GOODS-163,SIMPLEX TISSUE,DRY GOODS,pkt,25.0,25.0,940.0,foodstuffs,FG-382,FG-382,1,OK,
FGH-DRY-GOODS-164,SMOKIES,DRY GOODS,pcs,427.0,427.0,1000.0,foodstuffs,FG-78,FG-78,1,OK,
FGH-DRY-GOODS-165,SODA,DRY GOODS,ctn,780.0,780.0,1000.0,foodstuffs,FG-68,FG-68,1,OK,
FGH-DRY-GOODS-166,SODA TAKE AWAY,DRY GOODS,ctn,1480.0,1480.0,1000.0,foodstuffs,FG-173,FG-173,1,OK,
FGH-DRY-GOODS-167,SOUP SPOONS,DRY GOODS,pcs,100.0,100.0,1000.0,foodstuffs,FG-177,FG-177,1,OK,
FGH-DRY-GOODS-168,SPAGHETTI,DRY GOODS,pcs,250.0,115.0,1000.0,foodstuffs,FG-90,FG-90 | FGH-FOOD-SPAGHE-0001 | FG-414,3,MEDIUM,CATEGORY
FGH-DRY-GOODS-169,SPRING ONIONS,DRY GOODS,pkt,137.5,100.0,1000.0,foodstuffs,FG-161,FG-161,1,OK,
FGH-DRY-GOODS-170,STAPLE PINS,DRY GOODS,kg,150.0,150.0,1000.0,foodstuffs,FG-356,FG-356,1,OK,
FGH-DRY-GOODS-171,STEEL WOOL,DRY GOODS,pcs,150.0,20.0,994.0,foodstuffs,FG-27,FG-27,1,OK,
FGH-DRY-GOODS-172,STRAWBERRY ICECREAM,DRY GOODS,pkt,280.0,970.0,999.0,foodstuffs,FG-144,FG-144,1,OK,
FGH-DRY-GOODS-173,STRAWS,DRY GOODS,pkt,450.0,50.0,989.0,foodstuffs,FG-353,FG-353,1,OK,
FGH-DRY-GOODS-174,SUGAR KG,DRY GOODS,kg,950.0,128.0,941.0,foodstuffs,FG-1,FG-1,1,OK,
FGH-DRY-GOODS-175,SUGAR SACHETS,DRY GOODS,pkt,158.0,1500.0,986.0,foodstuffs,FG-74,FG-74,1,OK,
FGH-DRY-GOODS-176,SUKUMA WIKI,DRY GOODS,kg,100.0,100.0,1000.0,foodstuffs,FG-427,FG-103 | FG-427,2,MEDIUM,NAME ALIAS
FGH-DRY-GOODS-177,SWEET BANANA,DRY GOODS,pcs,10.0,15.0,1000.0,foodstuffs,FG-167,FG-167,1,OK,
FGH-DRY-GOODS-178,SWEET POTATOES,DRY GOODS,pcs,1500.0,50.0,995.0,foodstuffs,FG-347,FG-347,1,OK,
FGH-DRY-GOODS-179,T-BONE STEAK,DRY GOODS,pcs,50.0,2075.0,1000.0,foodstuffs,FG-174,FG-174,1,OK,
FGH-DRY-GOODS-180,TAKE AWAY FORKS,DRY GOODS,pcs,15.0,100.0,993.0,foodstuffs,FG-128,FG-128,1,OK,
FGH-DRY-GOODS-181,TAKE AWAY SPOONS,DRY GOODS,pcs,2075.0,100.0,995.0,foodstuffs,FG-372,FG-372,1,OK,
FGH-DRY-GOODS-182,TAKE AWAY TINS,DRY GOODS,pcs,100.0,115.0,926.0,foodstuffs,FG-21,FG-21,1,OK,
FGH-DRY-GOODS-183,TEA BAGS,DRY GOODS,pkt,115.0,300.0,998.0,foodstuffs,FG-75,FG-75,1,OK,
FGH-DRY-GOODS-184,TEA FLASK 1/2L,DRY GOODS,pcs,1500.0,750.0,1000.0,foodstuffs,FG-365,FG-365,1,OK,
FGH-DRY-GOODS-185,TEA FLASK 1L,DRY GOODS,pcs,300.0,1500.0,1000.0,foodstuffs,FG-364,FG-364,1,OK,
FGH-DRY-GOODS-186,TEA LEAVES,DRY GOODS,pcs,290.0,160.0,986.0,foodstuffs,FG-172,FG-172,1,OK,
FGH-DRY-GOODS-187,TEA MASALA,DRY GOODS,pcs,750.0,290.0,1000.0,foodstuffs,FG-65,FG-65,1,OK,
FGH-DRY-GOODS-188,THERMAL ROLLS,DRY GOODS,pcs,180.0,150.0,834.0,foodstuffs,FG-33,FG-33,1,OK,
FGH-DRY-GOODS-189,THUMB TACKS,DRY GOODS,pcs,150.0,100.0,1000.0,foodstuffs,FG-360,FG-360,1,OK,
FGH-DRY-GOODS-190,TOILET BALLS,DRY GOODS,pcs,100.0,125.0,978.0,foodstuffs,FG-120,FG-120,1,OK,
FGH-DRY-GOODS-191,TOMATO PASTE,DRY GOODS,pcs,125.0,370.0,970.0,foodstuffs,FG-11,FG-11,1,OK,
FGH-DRY-GOODS-192,TOMATO SAUCE,DRY GOODS,pcs,390.0,400.0,985.0,foodstuffs,FG-24,FG-24,1,OK,
FGH-DRY-GOODS-193,TOMATO SAUCE TAKE AWAY,DRY GOODS,pcs,400.0,870.0,993.0,foodstuffs,FG-25,FG-25,1,OK,
FGH-DRY-GOODS-194,TOMATOES,DRY GOODS,kg,870.0,90.0,610.0,foodstuffs,FG-85,FG-85,1,OK,
FGH-DRY-GOODS-195,TOOTHBRUSH,DRY GOODS,pcs,90.0,50.0,1000.0,foodstuffs,FG-408,FG-408 | FG-349,2,HIGH,"COST, RETAIL"
FGH-DRY-GOODS-196,TOOTHPASTE,DRY GOODS,pcs,30.0,50.0,1000.0,foodstuffs,FG-350,FG-350,1,OK,
FGH-DRY-GOODS-197,TOOTHPICKS,DRY GOODS,pkt,50.0,195.0,987.0,foodstuffs,FG-127,FG-127,1,OK,
FGH-DRY-GOODS-198,TUMBLERS,DRY GOODS,pcs,195.0,195.0,842.0,foodstuffs,FG-130,FG-130,1,OK,
FGH-DRY-GOODS-199,TURMERIC,DRY GOODS,pcs,124.0,176.0,984.0,foodstuffs,FG-54,FG-54,1,OK,
FGH-DRY-GOODS-200,U MIX,DRY GOODS,pcs,150.0,260.0,1000.0,foodstuffs,FG-398,FG-398,1,OK,
FGH-DRY-GOODS-201,VANILLA ESSENCE,DRY GOODS,pcs,260.0,130.0,999.0,foodstuffs,FG-394,FG-394,1,OK,
FGH-DRY-GOODS-202,VANILLA ICE CREAM,DRY GOODS,pkt,900.0,970.0,998.0,foodstuffs,FG-19,FG-19,1,OK,
FGH-DRY-GOODS-203,VIM,DRY GOODS,pcs,285.0,110.0,992.0,foodstuffs,FG-23,FG-23,1,OK,
FGH-DRY-GOODS-204,VINEGAR,DRY GOODS,pcs,380.0,380.0,997.0,foodstuffs,FG-126,FG-126,1,OK,
FGH-DRY-GOODS-205,WEETABIX,DRY GOODS,pkt,450.0,450.0,1000.0,foodstuffs,FG-110,FG-110,1,OK,
FGH-DRY-GOODS-206,WHISKY GLASS,DRY GOODS,pcs,100.0,100.0,556.0,foodstuffs,FG-141,FG-141,1,OK,
FGH-DRY-GOODS-207,WHITE BREAD,DRY GOODS,pcs,57.0,57.0,1000.0,foodstuffs,FG-112,FG-112,1,OK,
FGH-DRY-GOODS-208,WHITE CAP CRISPS,DRY GOODS,pcs,0,0,0,foodstuffs,MOG-BAR-0138,MOG-BAR-0138,1,OK,
FGH-DRY-GOODS-209,WHITE PEPPER,DRY GOODS,pcs,200.0,258.0,1000.0,foodstuffs,FG-123,FG-123,1,OK,
FGH-DRY-GOODS-210,WHOLEMEAL,DRY GOODS,pkt,265.0,265.0,1000.0,foodstuffs,FG-134,FG-134,1,OK,
FGH-DRY-GOODS-211,WINDOW CLEANER,DRY GOODS,pcs,255.0,230.0,1000.0,foodstuffs,FG-136,FG-136,1,OK,
FGH-DRY-GOODS-212,WINE GLASS,DRY GOODS,pcs,230.0,150.0,988.0,foodstuffs,FG-142,FG-142,1,OK,
FGH-DRY-GOODS-213,WIPEX,DRY GOODS,pcs,150.0,130.0,1000.0,foodstuffs,FG-101,FG-101,1,OK,
FGH-DRY-GOODS-214,YEAST,DRY GOODS,pcs,130.0,275.0,990.0,foodstuffs,FG-66,FG-66,1,OK,
FGH-DRY-GOODS-215,YELLOW BEANS,DRY GOODS,kg,97.71,70.0,972.0,foodstuffs,FG-164,FG-164,1,OK,
FGH-DRY-GOODS-216,ZESTAJAM,DRY GOODS,pcs,400.0,400.0,1000.0,foodstuffs,FG-158,FG-158,1,OK,
FGH-ENERGY-DRINKS-001,MONSTER,ENERGY DRINKS,pcs,202.0,202.0,12.0,bar_store,FG-219,FG-219,1,OK,
FGH-ENERGY-DRINKS-002,RED BULL,ENERGY DRINKS,can,181.0,181.0,996.0,bar_store,FGB-ENR-0001,FGB-ENR-0001 | FG-220,2,MEDIUM,"CATEGORY, NAME ALIAS"
FGH-GIN-001,GILBEYS 250ML,GIN,pcs,416.0,416.0,1.0,bar_store,FG-221,FGB-STK-GIN-0001 | FG-221,2,MEDIUM,"RETAIL, CATEGORY, NAME ALIAS"
FGH-GIN-002,GILBEYS 350ML,GIN,pcs,576.0,576.0,0,bar_store,FG-222,FGB-STK-GIN-0002 | FG-222,2,MEDIUM,"RETAIL, CATEGORY, NAME ALIAS"
FGH-GIN-003,GILBEYS 750ML,GIN,pcs,1240.0,1240.0,9.0,bar_store,FG-223,FGB-STK-GIN-0003 | FG-223,2,MEDIUM,"RETAIL, CATEGORY, NAME ALIAS"
FGH-GIN-004,GORDONS 1L,GIN,pcs,1850.0,2500.0,1000.0,bar_store,FG-224,MOG-BAR-0165 | FG-224,2,MEDIUM,"RETAIL, CATEGORY, NAME ALIAS"
FGH-GIN-005,GORDONS 350ML,GIN,pcs,1008.0,1008.0,17.0,bar_store,FG-225,MOG-BAR-0163 | FG-225,2,MEDIUM,"RETAIL, CATEGORY, NAME ALIAS"
FGH-GIN-006,GORDONS 750ML,GIN,pcs,2000.0,2000.0,19.0,bar_store,FG-314,FGB-STK-GIN-0005 | MOG-BAR-0164 | FG-314,3,MEDIUM,"RETAIL, CATEGORY, NAME ALIAS"
FGH-GIN-007,TANGUERAY 10YRS,GIN,pcs,3200.0,4500.0,1000.0,bar_store,FG-242,FG-242,1,OK,
FGH-GIN-008,TANGUERAY 750ML,GIN,pcs,4250.0,4250.0,1000.0,bar_store,FG-294,FG-294,1,OK,
FGH-GIN-009,TANQUERAY 1L,GIN,pcs,3167.0,3167.0,1000.0,bar_store,FG-405,FG-405,1,OK,
FGH-LIQUEURS-001,AMARULA 350ML,LIQUEURS,bottle,1173.0,1600.0,1000.0,bar_store,FGB-WIN-0008,FGB-WIN-0008,1,OK,
FGH-LIQUEURS-002,AMARULA CREAM 375ML,LIQUEURS,pcs,1173.0,1173.0,2.0,bar_store,FG-300,FGB-STK-CRM-0001 | FG-300,2,MEDIUM,"RETAIL, CATEGORY, NAME ALIAS"
FGH-LIQUEURS-003,AMARULA CREAM 750ML,LIQUEURS,bottle,2086.0,2500.0,996.0,bar_store,FGB-WIN-0009,FGB-STK-CRM-0002 | FGB-WIN-0009 | FG-301,3,MEDIUM,"RETAIL, CATEGORY, NAME ALIAS"
FGH-LIQUEURS-004,BAILEYS 350ML,LIQUEURS,pcs,1200.0,1200.0,2.0,bar_store,FG-302,FGB-STK-CRM-0004 | FG-302,2,MEDIUM,"RETAIL, CATEGORY, NAME ALIAS"
FGH-LIQUEURS-005,BAILEYS 750ML,LIQUEURS,pcs,2160.0,2160.0,2.0,bar_store,FG-303,FGB-STK-CRM-0005 | FG-303,2,MEDIUM,"RETAIL, CATEGORY"
FGH-LIQUEURS-006,BEST CREAM 750ML,LIQUEURS,pcs,1089.0,1089.0,2.0,bar_store,FG-244,FGB-STK-CRM-0003 | FG-244,2,MEDIUM,"RETAIL, CATEGORY, NAME ALIAS"
FGH-LIQUEURS-007,SHERIDANS,LIQUEURS,pcs,4500.0,4500.0,1000.0,bar_store,FG-319,FG-319,1,OK,
FGH-NON-CONSUMABLES-001,POOL TOKENS,NON CONSUMABLES,pcs,30.0,0,1000.0,non_consumables,FG-NC-002,FG-NC-002,1,OK,
FGH-PASTRY-001,BREAD 600GRAMS,PASTRY,loaf,0,0,1000.0,pastry,FG-PSTRY-015,FG-PSTRY-015,1,OK,
FGH-PASTRY-002,BREAD 700GRAMS,PASTRY,loaf,0,0,1000.0,pastry,FG-PSTRY-016,FG-PSTRY-016,1,OK,
FGH-PASTRY-003,BREAD ROLL,PASTRY,pcs,0,0,1000.0,pastry,FG-PSTRY-009,FG-PSTRY-009,1,OK,
FGH-SOFT-DRINKS-001,COKE ZERO,SOFT DRINKS,bottle,0,100.0,0,bar_store,FGB-STK-BEV-0003,FGB-STK-BEV-0003 | FG-445,2,MEDIUM,CATEGORY
FGH-SOFT-DRINKS-002,DASANI 1L,SOFT DRINKS,bottle,0,100.0,0,bar_store,FGB-STK-BEV-0006,FGB-STK-BEV-0006,1,OK,
FGH-SOFT-DRINKS-003,DASANI 500ML,SOFT DRINKS,bottle,0,50.0,0,bar_store,FGB-STK-BEV-0005,FGB-STK-BEV-0005 | MOG-BAR-0121,2,MEDIUM,NAME ALIAS
FGH-SOFT-DRINKS-004,DELMONTE,SOFT DRINKS,bottle,0,350.0,0,bar_store,FGB-STK-MIX-0007,FGB-STK-MIX-0007,1,OK,
FGH-SOFT-DRINKS-005,DELMONTE (MANGO BLEND),SOFT DRINKS,pcs,242.0,242.0,0,bar_store,FG-327,FG-327,1,OK,
FGH-SOFT-DRINKS-006,DELMONTE (MIXED BERRY BLEND),SOFT DRINKS,pcs,242.0,242.0,0,bar_store,FG-330,FG-330,1,OK,
FGH-SOFT-DRINKS-007,DELMONTE (PASSION BLEND),SOFT DRINKS,pcs,242.0,242.0,968.0,bar_store,FG-329,FG-329,1,OK,
FGH-SOFT-DRINKS-008,DELMONTE (PINEAPPLE BLEND),SOFT DRINKS,pcs,242.0,242.0,0,bar_store,FG-332,FG-332,1,OK,
FGH-SOFT-DRINKS-009,DELMONTE APPLE BLEND,SOFT DRINKS,pcs,1005.0,1005.0,3.0,bar_store,FG-328,FGH-BEV-DELMON-0001 | FG-328,2,MEDIUM,"CATEGORY, NAME ALIAS"
FGH-SOFT-DRINKS-010,DELMONTE TROPICAL BLEND),SOFT DRINKS,pcs,242.0,242.0,2.0,bar_store,FG-331,FG-331,1,OK,
FGH-SOFT-DRINKS-011,KERINGET WATER 1L,SOFT DRINKS,pcs,0,120.0,0,bar_store,MOG-BAR-0124,MOG-BAR-0124,1,OK,
FGH-SOFT-DRINKS-012,KERINGET WATER 500ML,SOFT DRINKS,pcs,0,70.0,0,bar_store,MOG-BAR-0123,MOG-BAR-0123,1,OK,
FGH-SOFT-DRINKS-013,LEMONADE,SOFT DRINKS,pcs,39.0,39.0,0,bar_store,FG-333,FG-333,1,OK,
FGH-SOFT-DRINKS-014,LIME LEMONADE,SOFT DRINKS,bottle,0,100.0,0,bar_store,FGB-STK-BEV-0011,FGB-STK-BEV-0011,1,OK,
FGH-SOFT-DRINKS-015,MINUTE MAID,SOFT DRINKS,bottle,0,100.0,0,bar_store,FGB-STK-BEV-0007,FGB-STK-BEV-0007 | FG-447,2,MEDIUM,CATEGORY
FGH-SOFT-DRINKS-016,NOVIDA,SOFT DRINKS,bottle,0,80.0,0,bar_store,FGB-STK-BEV-0004,FGB-STK-BEV-0004 | FG-446,2,MEDIUM,CATEGORY
FGH-SOFT-DRINKS-017,PREDATOR,SOFT DRINKS,bottle,0,100.0,0,bar_store,FGB-STK-BEV-0008,FGB-STK-BEV-0008 | FG-448,2,MEDIUM,CATEGORY
FGH-SOFT-DRINKS-018,SODA 300ML,SOFT DRINKS,pcs,31.0,31.0,954.0,bar_store,FG-420,FGB-STK-BEV-0001 | FG-420,2,HIGH,"RETAIL, CATEGORY"
FGH-SOFT-DRINKS-019,SODA 500ML,SOFT DRINKS,bottle,50.0,100.0,1000.0,bar_store,FGB-SDR-0001,FGB-SDR-0001 | FGB-STK-BEV-0002,2,LOW,
FGH-SOFT-DRINKS-020,SODA TAKE AWAY 500ML,SOFT DRINKS,pcs,60.0,60.0,1000.0,bar_store,FG-419,FG-419,1,OK,
FGH-SOFT-DRINKS-021,TAKE AWAY SODA,SOFT DRINKS,pcs,0,0,1000.0,bar_store,FG-415,FG-415,1,OK,
FGH-SOFT-DRINKS-022,TONIC SODA,SOFT DRINKS,bottle,0,120.0,0,bar_store,FGB-STK-BEV-0010,FGB-STK-BEV-0010 | FG-449,2,MEDIUM,CATEGORY
FGH-SOFT-DRINKS-023,WATER 10L,SOFT DRINKS,pcs,86.0,86.0,1000.0,bar_store,FG-421,FG-421,1,OK,
FGH-SOFT-DRINKS-024,WATER 1L,SOFT DRINKS,bottle,42.0,100.0,1000.0,bar_store,FGB-SDR-0002,FGB-SDR-0002 | FG-417,2,HIGH,"RETAIL, CATEGORY"
FGH-SOFT-DRINKS-025,WATER 500ML,SOFT DRINKS,pcs,21.0,41.0,1000.0,foodstuffs,FG-70,FG-70 | FG-418,2,HIGH,"CATEGORY, RETAIL"
FGH-SPIRITS-001,CAMINO,SPIRITS,bottle,2000.0,4000.0,1000.0,bar_store,FGB-OTH-0001,FGB-OTH-0001,1,OK,
FGH-SPIRITS-002,CAMINO BLANCO 750ML,SPIRITS,pcs,2100.0,2100.0,3.0,bar_store,FG-334,FG-334,1,OK,
FGH-SPIRITS-003,CAMINO REAL GOLD,SPIRITS,pcs,2300.0,2300.0,0,bar_store,FG-335,FG-335,1,OK,
FGH-SPIRITS-004,CAPTAIN MORGAN 250ML,SPIRITS,pcs,336.0,336.0,0,bar_store,FG-379,FG-379,1,OK,
FGH-SPIRITS-005,CAPTAIN MORGAN 750ML,SPIRITS,pcs,920.0,920.0,0,bar_store,FG-380,FG-380,1,OK,
FGH-SPIRITS-006,CAPTAIN MUCKPIT 250ML,SPIRITS,pcs,384.0,384.0,1000.0,foodstuffs,FG-412,FG-412,1,OK,
FGH-SPIRITS-007,CAPTAIN MUCKPIT 750ML,SPIRITS,pcs,1080.0,1080.0,1000.0,foodstuffs,FG-413,FG-413,1,OK,
FGH-SPIRITS-008,DON JOLUO ANEJO,SPIRITS,pcs,7167.0,7167.0,1000.0,bar_store,FG-254,FG-254,1,OK,
FGH-SPIRITS-009,DON JOLUO RPSDO,SPIRITS,pcs,5417.0,5417.0,1000.0,bar_store,FG-255,FG-255,1,OK,
FGH-SPIRITS-010,HUNTERS CHOICE 250ML,SPIRITS,bottle,306.0,306.0,994.0,bar_store,FGB-WHK-0019,FGB-WHK-0019 | FG-268,2,MEDIUM,"CATEGORY, NAME ALIAS"
FGH-SPIRITS-011,HUNTERS CHOICE 350ML,SPIRITS,bottle,443.0,443.0,999.0,bar_store,FGB-WHK-0020,FGB-WHK-0020 | FG-269,2,MEDIUM,"CATEGORY, NAME ALIAS"
FGH-SPIRITS-012,HUNTERS CHOICE 750ML,SPIRITS,bottle,938.0,938.0,1000.0,bar_store,FGB-WHK-0021,FGB-WHK-0021 | FG-270,2,MEDIUM,"CATEGORY, NAME ALIAS"
FGH-SPIRITS-013,JAGERMEISTER 1L,SPIRITS,pcs,3100.0,3100.0,1.0,bar_store,FG-336,FG-336,1,OK,
FGH-SPIRITS-014,JAGERMEISTER 700ML,SPIRITS,bottle,2200.0,4000.0,1000.0,bar_store,FGB-OTH-0002,FGB-STK-WIN-0010 | FGB-OTH-0002 | FG-337,3,HIGH,"RETAIL, CATEGORY, NAME ALIAS"
FGH-SPIRITS-015,KANE EXTRA 250ML,SPIRITS,pcs,250.0,350.0,1000.0,bar_store,FG-239,FG-239,1,OK,
FGH-SPIRITS-016,KANE EXTRA 750ML,SPIRITS,pcs,750.0,1000.0,1000.0,bar_store,FG-240,FG-240,1,OK,
FGH-SPIRITS-017,MALIBU,SPIRITS,pcs,1713.0,1713.0,1.0,bar_store,FG-286,FG-286,1,OK,
FGH-SPIRITS-018,MARTINI BIANCO,SPIRITS,pcs,2200.0,2200.0,1000.0,bar_store,FG-289,FG-289,1,OK,
FGH-SPIRITS-019,POPOV 250ML,SPIRITS,bottle,0,350.0,0,bar_store,FGB-STK-SPR-0004,FGB-STK-SPR-0004,1,OK,
FGH-SPIRITS-020,RICHOT 250ML,SPIRITS,pcs,416.0,416.0,3.0,bar_store,FG-226,FGB-STK-BRC-0005 | FG-226,2,MEDIUM,"RETAIL, CATEGORY, NAME ALIAS"
FGH-SPIRITS-021,RICHOT 350ML,SPIRITS,pcs,576.0,576.0,0,bar_store,FG-227,FGB-STK-BRC-0006 | FG-227,2,MEDIUM,"RETAIL, CATEGORY, NAME ALIAS"
FGH-SPIRITS-022,RICHOT 750ML,SPIRITS,pcs,1240.0,1240.0,0,bar_store,FG-228,FGB-STK-BRC-0007 | FG-228,2,MEDIUM,"RETAIL, CATEGORY"
FGH-SPIRITS-023,SOUTHERN COMFORT,SPIRITS,pcs,0,3200.0,0,bar_store,MOG-BAR-0180,MOG-BAR-0180,1,OK,
FGH-SPIRITS-024,SOUTHERN COMFORT 750ML,SPIRITS,pcs,1800.0,1800.0,1.0,bar_store,FG-293,FG-293,1,OK,
FGH-SPIRITS-025,V&A,SPIRITS,pcs,0,1200.0,0,bar_store,MOG-BAR-0281,MOG-BAR-0281,1,OK,
FGH-SPIRITS-026,V&A 250ML,SPIRITS,bottle,310.0,400.0,996.0,bar_store,FGB-WHK-0041,FGB-STK-CRM-0006 | FGB-WHK-0041 | FG-381,3,MEDIUM,"RETAIL, CATEGORY, NAME ALIAS"
FGH-SPIRITS-027,V&A 750ML,SPIRITS,bottle,803.0,1200.0,1000.0,bar_store,FGB-WHK-0042,FGB-WHK-0042 | FG-304,2,MEDIUM,"RETAIL, CATEGORY"
FGH-SPIRITS-028,VICEROY 10 YRS,SPIRITS,pcs,3235.0,3235.0,1000.0,bar_store,FG-403,FG-403,1,OK,
FGH-SPIRITS-029,VICEROY 250ML,SPIRITS,pcs,447.0,447.0,984.0,bar_store,FG-229,FG-229,1,OK,
FGH-SPIRITS-030,VICEROY 350ML,SPIRITS,bottle,653.0,653.0,966.0,bar_store,FGB-SPR-0014,FGB-SPR-0014,1,OK,
FGH-SPIRITS-031,VICEROY 375ML,SPIRITS,pcs,653.0,653.0,89.0,bar_store,FG-230,FG-230,1,OK,
FGH-SPIRITS-032,VICEROY 750ML,SPIRITS,pcs,1260.0,1260.0,952.0,bar_store,FG-231,FG-231,1,OK,
FGH-TOTS-001,CAMINO TOT,TOTS,pcs,0,0,0,bar_store,FG-453,FG-453,1,OK,
FGH-TOTS-002,JAGER TOT,TOTS,tot,0,200.0,0,bar_store,FGB-STK-WIN-0012,FGB-STK-WIN-0012 | FG-452,2,MEDIUM,CATEGORY
FGH-TOTS-003,JAGERMEISTER TOT,TOTS,pcs,0,200.0,0,bar_store,MOG-BAR-0236,MOG-BAR-0236,1,OK,
FGH-VODKA-001,SCOTISH LEADER 750ML,VODKA,pcs,1735.0,2500.0,1000.0,bar_store,FG-235,FG-235,1,OK,
FGH-VODKA-002,VODKA 1L,VODKA,pcs,0,2300.0,0,bar_store,MOG-BAR-0312,MOG-BAR-0312,1,OK,
FGH-VODKA-003,VODKA 250ML,VODKA,pcs,416.0,416.0,6.0,bar_store,FG-232,FGB-STK-VOD-0001 | FG-232,2,MEDIUM,"RETAIL, CATEGORY"
FGH-VODKA-004,VODKA 350ML,VODKA,pcs,576.0,576.0,0,bar_store,FG-233,FGB-STK-VOD-0002 | FG-233,2,MEDIUM,"RETAIL, CATEGORY"
FGH-VODKA-005,VODKA 750ML,VODKA,pcs,1240.0,1240.0,0,bar_store,FG-234,FG-234,1,OK,
FGH-WHISKY-001,ALL SEASONS 750ML,WHISKY,pcs,1080.0,1080.0,0,bar_store,FG-243,MOG-BAR-0263 | FGB-STK-WHK-0032 | FG-243,3,MEDIUM,"RETAIL, CATEGORY, NAME ALIAS"
FGH-WHISKY-002,BEST WHISKY 250ML,WHISKY,pcs,318.0,318.0,0,bar_store,FG-246,FGB-STK-WHK-0018 | FG-246,2,MEDIUM,"RETAIL, CATEGORY, NAME ALIAS"
FGH-WHISKY-003,BEST WHISKY 750ML,WHISKY,pcs,1005.0,1005.0,0,bar_store,FG-245,FGB-STK-WHK-0019 | FG-245,2,MEDIUM,"RETAIL, CATEGORY, NAME ALIAS"
FGH-WHISKY-004,BLACK AND WHITE 1L,WHISKY,pcs,1548.0,1548.0,1000.0,bar_store,FG-410,FG-410,1,OK,
FGH-WHISKY-005,BLACK AND WHITE 350ML,WHISKY,pcs,576.0,576.0,0,bar_store,FG-247,FGB-STK-WHK-0038 | FG-247,2,MEDIUM,"RETAIL, CATEGORY, NAME ALIAS"
FGH-WHISKY-006,BLACK AND WHITE 750ML,WHISKY,pcs,1120.0,1120.0,0,bar_store,FG-248,FGB-STK-WHK-0039 | FG-248,2,MEDIUM,"RETAIL, CATEGORY, NAME ALIAS"
FGH-WHISKY-007,BOND 7 250ML,WHISKY,pcs,416.0,416.0,14.0,bar_store,FG-249,FGB-STK-WHK-0015 | FG-249,2,MEDIUM,"RETAIL, CATEGORY, NAME ALIAS"
FGH-WHISKY-008,BOND 7 350ML,WHISKY,pcs,576.0,576.0,0,bar_store,FG-250,FGB-STK-WHK-0016 | FG-250,2,MEDIUM,"RETAIL, CATEGORY, NAME ALIAS"
FGH-WHISKY-009,BOND 7 750ML,WHISKY,pcs,1240.0,1240.0,0,bar_store,FG-251,FGB-STK-WHK-0017 | FG-251,2,MEDIUM,"CATEGORY, NAME ALIAS"
FGH-WHISKY-010,BULLEIT BOURBON,WHISKY,bottle,3167.0,5000.0,1000.0,bar_store,FGB-OTH-0004,FGB-OTH-0004 | FG-426,2,MEDIUM,"CATEGORY, NAME ALIAS"
FGH-WHISKY-011,CHIVAS REGAL 1L,WHISKY,pcs,4000.0,4000.0,1000.0,bar_store,FG-253,FG-253,1,OK,
FGH-WHISKY-012,CHIVAS REGAL 750ML,WHISKY,pcs,3700.0,3700.0,1000.0,bar_store,FG-252,FG-252,1,OK,
FGH-WHISKY-013,DOUBLE BLACK 1L,WHISKY,bottle,5875.0,7500.0,1000.0,bar_store,FGB-COG-0002,FGB-STK-WHK-0031 | FGB-COG-0002 | FG-256,3,MEDIUM,"RETAIL, CATEGORY"
FGH-WHISKY-014,DOUBLE BLACK 750ML,WHISKY,pcs,4160.0,4160.0,1.0,bar_store,FG-257,FGB-STK-WHK-0030 | FG-257,2,MEDIUM,"RETAIL, CATEGORY"
FGH-WHISKY-015,FAMOUS GROUSE 750ML,WHISKY,bottle,1750.0,2500.0,1000.0,bar_store,FGB-WHK-0037,FGB-WHK-0037 | FG-259,2,HIGH,"COST, RETAIL, CATEGORY, NAME ALIAS"
FGH-WHISKY-016,GLENFIDDICH 18YRS 700ML,WHISKY,pcs,13100.0,13100.0,0,bar_store,FG-260,MOG-BAR-0200 | FG-260,2,MEDIUM,"RETAIL, CATEGORY, NAME ALIAS"
FGH-WHISKY-017,GLENFIDDICH SINGLE MALT 12 YRS,WHISKY,pcs,5925.0,5925.0,1.0,bar_store,FG-261,FGB-STK-WHK-0021 | MOG-BAR-0198 | FG-261,3,MEDIUM,"RETAIL, CATEGORY, NAME ALIAS"
FGH-WHISKY-018,GLENFIDDICH SINGLE MALT 15 YRS,WHISKY,pcs,8550.0,8550.0,1.0,bar_store,FG-262,FGB-STK-WHK-0022 | MOG-BAR-0199 | FG-262,3,MEDIUM,"RETAIL, CATEGORY, NAME ALIAS"
FGH-WHISKY-019,GRANTS 1L,WHISKY,pcs,1950.0,1950.0,0,bar_store,FG-263,FG-263,1,OK,
FGH-WHISKY-020,GRANTS 350ML,WHISKY,pcs,750.0,750.0,5.0,bar_store,FG-264,FGB-STK-WHK-0035 | FG-264,2,HIGH,"RETAIL, CATEGORY, NAME ALIAS"
FGH-WHISKY-021,GRANTS 750ML,WHISKY,pcs,1650.0,1650.0,0,bar_store,FG-265,FGB-STK-WHK-0036 | FG-265,2,MEDIUM,"RETAIL, CATEGORY, NAME ALIAS"
FGH-WHISKY-022,J D HONEY 1L,WHISKY,pcs,3500.0,3500.0,1000.0,bar_store,FG-272,FG-272,1,OK,
FGH-WHISKY-023,J D HONEY 750ML,WHISKY,pcs,2500.0,2500.0,1000.0,bar_store,FG-271,FG-271,1,OK,
FGH-WHISKY-024,J W GOLD RESERVE,WHISKY,pcs,7000.0,7000.0,0,bar_store,FG-279,FG-279,1,OK,
FGH-WHISKY-025,J&B 750ML,WHISKY,bottle,0,2400.0,0,bar_store,FGB-STK-WHK-0043,FGB-STK-WHK-0043,1,OK,
FGH-WHISKY-026,J.W BLACK 1/2,WHISKY,bottle,0,2200.0,0,bar_store,FGB-STK-WHK-0010,FGB-STK-WHK-0010,1,OK,
FGH-WHISKY-027,JACK DANIELS 1L,WHISKY,bottle,3300.0,5000.0,1000.0,bar_store,FGB-WHK-0030,FGB-WHK-0030 | FG-282,2,MEDIUM,"RETAIL, CATEGORY"
FGH-WHISKY-028,JACK DANIELS 350ML,WHISKY,pcs,1650.0,1650.0,0,bar_store,FG-280,FGB-STK-WHK-0027 | FG-280,2,MEDIUM,"RETAIL, CATEGORY"
FGH-WHISKY-029,JACK DANIELS 700ML,WHISKY,pcs,2800.0,2800.0,3.0,bar_store,FG-281,FG-281,1,OK,
FGH-WHISKY-030,JACK DANIELS 750ML,WHISKY,bottle,0,4500.0,0,bar_store,FGB-STK-WHK-0028,FGB-STK-WHK-0028 | MOG-BAR-0206,2,LOW,
FGH-WHISKY-031,JACK DANIELS HONEY 750ML,WHISKY,pcs,3500.0,3500.0,0,bar_store,FG-241,FG-241,1,OK,
FGH-WHISKY-032,JAMESON 1L,WHISKY,bottle,3168.0,4000.0,998.0,bar_store,FGB-WHK-0033,FGB-WHK-0033 | FG-285,2,MEDIUM,"RETAIL, CATEGORY"
FGH-WHISKY-033,JAMESON 350ML,WHISKY,pcs,1186.0,1186.0,3.0,bar_store,FG-283,FGB-STK-WHK-0001 | FG-283,2,MEDIUM,"RETAIL, CATEGORY, NAME ALIAS"
FGH-WHISKY-034,JAMESON 750ML,WHISKY,pcs,2376.0,2376.0,0,bar_store,FG-284,FGB-STK-WHK-0002 | FG-284,2,MEDIUM,"RETAIL, CATEGORY"
FGH-WHISKY-035,JAMESON BLACK BARREL,WHISKY,pcs,0,0,0,bar_store,FGH-OTH-JAMESO-0001,FGH-OTH-JAMESO-0001,1,OK,
FGH-WHISKY-036,JOHNNIE WALKER BLACK 1L,WHISKY,bottle,3911.0,5000.0,997.0,bar_store,FGB-WHK-0017,MOG-BAR-0193 | FGB-STK-WHK-0012 | FGB-WHK-0017 | FG-376,4,MEDIUM,"RETAIL, CATEGORY, NAME ALIAS"
FGH-WHISKY-037,JOHNNIE WALKER BLACK 250ML,WHISKY,pcs,1040.0,1040.0,0,bar_store,FG-377,MOG-BAR-0190 | FGB-STK-WHK-0009 | FG-377,3,MEDIUM,"RETAIL, CATEGORY, NAME ALIAS"
FGH-WHISKY-038,JOHNNIE WALKER BLACK 350ML,WHISKY,bottle,1720.0,2100.0,1000.0,bar_store,FGB-WHK-0015,MOG-BAR-0191 | FGB-WHK-0015,2,MEDIUM,"RETAIL, NAME ALIAS"
FGH-WHISKY-039,JOHNNIE WALKER BLACK 375ML,WHISKY,pcs,1720.0,1720.0,38.0,bar_store,FG-273,FG-273,1,OK,
FGH-WHISKY-040,JOHNNIE WALKER BLACK 750ML,WHISKY,bottle,3236.0,3236.0,1000.0,bar_store,FGB-WHK-0016,MOG-BAR-0192 | FGB-STK-WHK-0011 | FGB-WHK-0016 | FG-274,4,MEDIUM,"RETAIL, CATEGORY, NAME ALIAS"
FGH-WHISKY-041,JOHNNIE WALKER BLONDE 750ML,WHISKY,bottle,1991.0,3000.0,1000.0,bar_store,FGB-WHK-0018,MOG-BAR-0417 | FGB-STK-WHK-0013 | FGB-WHK-0018 | FG-411,4,HIGH,"RETAIL, CATEGORY, NAME ALIAS"
FGH-WHISKY-042,JOHNNIE WALKER GREEN LABEL 1L,WHISKY,pcs,5500.0,5500.0,1000.0,bar_store,FG-275,FGB-STK-WHK-0014 | FG-275,2,MEDIUM,"RETAIL, CATEGORY, NAME ALIAS"
FGH-WHISKY-043,JOHNNIE WALKER RED 1L,WHISKY,bottle,2147.0,3000.0,990.0,bar_store,FGB-WHK-0014,MOG-BAR-0189 | FGB-STK-WHK-0008 | FGB-WHK-0014 | FG-276,4,MEDIUM,"RETAIL, CATEGORY, NAME ALIAS"
FGH-WHISKY-044,JOHNNIE WALKER RED 250ML,WHISKY,bottle,560.0,1000.0,1000.0,bar_store,FGB-WHK-0011,MOG-BAR-0186 | FGB-STK-WHK-0005 | FGB-WHK-0011 | FG-378,4,MEDIUM,"RETAIL, CATEGORY, NAME ALIAS"
FGH-WHISKY-045,JOHNNIE WALKER RED 350ML,WHISKY,bottle,853.0,1300.0,999.0,bar_store,FGB-WHK-0012,MOG-BAR-0187 | FGB-WHK-0012,2,MEDIUM,"RETAIL, NAME ALIAS"
FGH-WHISKY-046,JOHNNIE WALKER RED 375ML,WHISKY,pcs,853.0,853.0,19.0,bar_store,FG-277,FGB-STK-WHK-0006 | FG-277,2,MEDIUM,"RETAIL, CATEGORY, NAME ALIAS"
FGH-WHISKY-047,JOHNNIE WALKER RED 750ML,WHISKY,bottle,1799.0,2500.0,995.0,bar_store,FGB-WHK-0013,MOG-BAR-0188 | FGB-STK-WHK-0007 | FGB-WHK-0013 | FG-278,4,MEDIUM,"RETAIL, CATEGORY, NAME ALIAS"
FGH-WHISKY-048,KC 250ML,WHISKY,pcs,256.0,256.0,0,bar_store,FG-236,FGB-STK-SPR-0001 | FG-236,2,MEDIUM,"RETAIL, CATEGORY, NAME ALIAS"
FGH-WHISKY-049,KC 350ML,WHISKY,pcs,352.0,352.0,18.0,bar_store,FG-237,FGB-STK-SPR-0002 | FG-237,2,MEDIUM,"RETAIL, CATEGORY, NAME ALIAS"
FGH-WHISKY-050,KC 750ML,WHISKY,pcs,672.0,672.0,0,bar_store,FG-238,FGB-STK-SPR-0003 | FG-238,2,MEDIUM,"RETAIL, CATEGORY, NAME ALIAS"
FGH-WHISKY-051,KC GINGER 250ML,WHISKY,bottle,0,0,0,bar_store,FG-434,FG-434,1,OK,
FGH-WHISKY-052,KC GINGER 750ML,WHISKY,bottle,0,0,0,bar_store,FG-436,FG-436,1,OK,
FGH-WHISKY-053,KC PINEAPPLE 250ML,WHISKY,bottle,0,0,28.0,bar_store,FG-428,FG-428,1,OK,
FGH-WHISKY-054,KC PINEAPPLE 350ML,WHISKY,bottle,0,0,0,bar_store,FG-429,FG-429,1,OK,
FGH-WHISKY-055,KC PINEAPPLE 750ML,WHISKY,bottle,0,0,1000.0,foodstuffs,FGH-BEV-KCPINE-0001,FGH-BEV-KCPINE-0001 | FG-430,2,MEDIUM,CATEGORY
FGH-WHISKY-056,KC SMOOTH 250ML,WHISKY,bottle,0,0,0,bar_store,FG-431,FG-431,1,OK,
FGH-WHISKY-057,KC SMOOTH 350ML,WHISKY,bottle,0,0,0,bar_store,FG-432,FG-432,1,OK,
FGH-WHISKY-058,KC SMOOTH 750ML,WHISKY,bottle,0,0,0,bar_store,FG-433,FG-433,1,OK,
FGH-WHISKY-059,ROBERTSON WHISKY,WHISKY,bottle,0,1800.0,0,bar_store,FGB-STK-BRC-0008,FGB-STK-BRC-0008 | FG-454,2,MEDIUM,"CATEGORY, NAME ALIAS"
FGH-WHISKY-060,SINGLETON 12 YRS,WHISKY,bottle,5375.0,6000.0,1000.0,bar_store,FGB-COG-0005,FGB-COG-0005 | FG-290,2,MEDIUM,"CATEGORY, NAME ALIAS"
FGH-WHISKY-061,SINGLETON 15 YRS,WHISKY,pcs,6500.0,6500.0,4.0,bar_store,FG-291,FG-291,1,OK,
FGH-WHISKY-062,SINGLETON 18 YRS,WHISKY,pcs,8750.0,8750.0,0,bar_store,FG-292,FG-292,1,OK,
FGH-WHISKY-063,TANG 10,WHISKY,bottle,3167.0,6000.0,1000.0,bar_store,FGB-WHK-0025,FGB-WHK-0025,1,OK,
FGH-WHISKY-064,VAT 69 350ML,WHISKY,pcs,760.0,760.0,1048.0,bar_store,FG-295,FG-295,1,OK,
FGH-WHISKY-065,VAT 69 750ML,WHISKY,pcs,1400.0,1400.0,1000.0,bar_store,FG-296,FG-296,1,OK,
FGH-WHISKY-066,WILLIAM LAWSONS 1L,WHISKY,bottle,2229.0,3000.0,1000.0,bar_store,FGB-WHK-0040,FGB-WHK-0040 | FG-299,2,MEDIUM,"RETAIL, CATEGORY"
FGH-WHISKY-067,WILLIAM LAWSONS 350ML,WHISKY,pcs,869.0,869.0,5.0,bar_store,FG-297,FG-297,1,OK,
FGH-WHISKY-068,WILLIAM LAWSONS 750ML,WHISKY,pcs,1750.0,1750.0,1.0,bar_store,FG-298,FGB-STK-WHK-0033 | FG-298,2,MEDIUM,"RETAIL, CATEGORY, NAME ALIAS"
FGH-WINES-001,4TH STREET SWEET RED,WINES,pcs,905.0,905.0,4.0,bar_store,FG-305,MOG-BAR-0219 | FG-305,2,MEDIUM,"RETAIL, CATEGORY, NAME ALIAS"
FGH-WINES-002,4TH STREET WHITE,WINES,pcs,0,1200.0,0,bar_store,MOG-BAR-0220,MOG-BAR-0220,1,OK,
FGH-WINES-003,ASCONI,WINES,pcs,1630.0,1630.0,6.0,bar_store,FG-307,FGB-STK-WIN-0008 | FG-307,2,MEDIUM,"RETAIL, CATEGORY, NAME ALIAS"
FGH-WINES-004,CAPRICE SWEET RED,WINES,pcs,922.0,922.0,1.0,bar_store,FG-308,MOG-BAR-0225 | FG-308,2,MEDIUM,"CATEGORY, NAME ALIAS"
FGH-WINES-005,CAPRICE SWEET WHITE,WINES,pcs,922.0,922.0,0,bar_store,FG-323,MOG-BAR-0226 | FG-323,2,MEDIUM,"CATEGORY, NAME ALIAS"
FGH-WINES-006,CASABUENA 1L,WINES,bottle,0,1300.0,0,bar_store,FGB-STK-WIN-0009,FGB-STK-WIN-0009,1,OK,
FGH-WINES-007,CASABUENA SANGARIA,WINES,bottle,712.0,1100.0,997.0,bar_store,FGB-WIN-0004,FGB-WIN-0004,1,OK,
FGH-WINES-008,CASABUENA SANGRIA RED,WINES,pcs,755.0,755.0,995.0,bar_store,FG-309,MOG-BAR-0227 | FG-309,2,MEDIUM,"RETAIL, CATEGORY, NAME ALIAS"
FGH-WINES-009,CASABUENA SANGRIA WHITE,WINES,pcs,755.0,755.0,999.0,bar_store,FG-326,MOG-BAR-0228 | FG-326,2,MEDIUM,"RETAIL, CATEGORY, NAME ALIAS"
FGH-WINES-010,CELLAR CASK,WINES,bottle,0,1200.0,0,bar_store,FGB-STK-WIN-0002,FGB-STK-WIN-0002,1,OK,
FGH-WINES-011,CELLAR CASK RED,WINES,bottle,925.0,925.0,9.0,bar_store,FG-439,FG-439,1,OK,
FGH-WINES-012,CELLAR CASK WHITE,WINES,bottle,0,0,0,bar_store,FG-440,FG-440,1,OK,
FGH-WINES-013,CHAMDOR,WINES,pcs,850.0,850.0,1000.0,bar_store,FG-310,FGB-STK-WIN-0004 | FG-310,2,MEDIUM,"RETAIL, CATEGORY, NAME ALIAS"
FGH-WINES-014,DROSTDY HOF CLARET,WINES,pcs,921.0,921.0,5.0,bar_store,FG-311,FG-311,1,OK,
FGH-WINES-015,DROSTDY HOF PREMIUM,WINES,pcs,1750.0,1750.0,2.0,bar_store,FG-322,FG-322,1,OK,
FGH-WINES-016,DROSTDY HOF RED,WINES,bottle,0,1200.0,0,bar_store,FG-438,MOG-BAR-0223 | FG-438,2,MEDIUM,CATEGORY
FGH-WINES-017,DROSTDY HOF WHITE,WINES,bottle,0,1200.0,0,bar_store,FG-437,MOG-BAR-0224 | FG-437,2,MEDIUM,CATEGORY
FGH-WINES-018,DROSTDY-HOF,WINES,bottle,0,1200.0,0,bar_store,FGB-STK-WIN-0003,FGB-STK-WIN-0003,1,OK,
FGH-WINES-019,FOUR COUSINS,WINES,bottle,0,1400.0,0,bar_store,FGB-STK-WIN-0006,FGB-STK-WIN-0006,1,OK,
FGH-WINES-020,FOUR COUSINS RED,WINES,pcs,800.0,800.0,1.0,bar_store,FG-312,FG-312,1,OK,
FGH-WINES-021,FOUR COUSINS WHITE,WINES,pcs,800.0,800.0,5.0,bar_store,FG-321,FG-321,1,OK,
FGH-WINES-022,FRONTERA,WINES,pcs,1000.0,1000.0,1000.0,bar_store,FG-313,FG-313,1,OK,
FGH-WINES-023,NEDERBURG RED,WINES,pcs,1986.0,1986.0,3.0,bar_store,FG-316,FG-316,1,OK,
FGH-WINES-024,NEDERBURG WHITE,WINES,pcs,1609.0,1609.0,0,bar_store,FG-409,FG-409,1,OK,
FGH-WINES-025,NUDEBURG,WINES,pcs,0,2800.0,0,bar_store,MOG-BAR-0166,MOG-BAR-0166,1,OK,
FGH-WINES-026,PENASOL,WINES,pcs,850.0,850.0,1000.0,bar_store,FG-317,FG-317,1,OK,
FGH-WINES-027,ROBERTSON RED,WINES,bottle,0,0,0,bar_store,FG-441,FG-441,1,OK,
FGH-WINES-028,ROBERTSON SWEET RED,WINES,pcs,1000.0,1000.0,0,bar_store,FG-318,FG-318,1,OK,
FGH-WINES-029,ROBERTSON WHITE,WINES,bottle,0,0,0,bar_store,FG-442,FG-442,1,OK,
