branch,shift_number,cashier,shift_start,total_sales_before,total_sales_after,cash_overstated,rooms_before,rooms_after,restaurant_after,bar_after
"SOTIK","SHF-20260805-0001","VIOLET CHEBET","2026-08-05T03:37:06.323Z",0,54950,-15780,0,0,0,54950
"BOMET TOWN","SHF-20260805-0002","EVANS KOSKEI","2026-08-05T04:25:45.541Z",0,80980,-18640,0,0,88950,0
"MOGOGOSHIEK","SHF-20260805-0004","PERIS CHEPNGETICH","2026-08-05T05:06:39.593Z",0,30880,-6160,0,0,31640,0
"Kyogong","SHF-20260805-0005","MERCY CHEPKORIR","2026-08-05T05:08:03.290Z",17500,186860,-18220,29700,42940,200950,0
"MOGOGOSHIEK","SHF-20260805-0006","Faith Cherono","2026-08-05T06:45:36.162Z",0,23300,-100,0,0,0,24880
"BOMET TOWN","SHF-20260805-0007","MERCY CHEPKORIR","2026-08-05T07:49:33.007Z",0,117990,-12800,0,0,0,118440
"Kyogong","SHF-20260805-0008","VENNY CHERONO","2026-08-05T09:27:14.081Z",0,17720,0,0,0,0,22140
"Kyogong","SHF-20260805-0009","FELISHA CHEPNGETICH","2026-08-05T10:38:02.133Z",0,31560,-3040,0,0,0,42040
"BOMET TOWN","SHF-20260806-0001","EVANS KOSKEI","2026-08-06T04:19:53.390Z",0,80220,-23470,0,0,87470,0
"Kyogong","SHF-20260806-0002","MERCY CHEPKORIR","2026-08-06T04:24:09.382Z",381480,247110,14000,92740,93240,185350,0
"MOGOGOSHIEK","SHF-20260806-0003","PERIS CHEPNGETICH","2026-08-06T04:58:03.726Z",0,49440,-12170,0,0,49690,0
"MOGOGOSHIEK","SHF-20260806-0004","Faith Cherono","2026-08-06T05:11:05.023Z",0,38590,-2800,0,0,0,38590
"BOMET TOWN","SHF-20260806-0005","LENAH SIGEI","2026-08-06T09:23:47.193Z",0,71120,-5250,0,0,0,74270
"Kyogong","SHF-20260806-0006","FELISHA CHEPNGETICH","2026-08-06T09:40:52.588Z",0,23860,-2660,0,0,0,25510
"SOTIK","SHF-20260806-0007","EVANS KORIR","2026-08-06T10:03:00.182Z",63640,63640,0,0,0,0,68890
"Kyogong","SHF-20260806-0008","VENNY CHERONO","2026-08-06T11:44:14.718Z",0,21510,-1000,0,0,0,22940
"BOMET TOWN","SHF-20260807-0001","EVANS KOSKEI","2026-08-07T04:29:03.492Z",73130,73130,0,0,0,82410,0
"MOGOGOSHIEK","SHF-20260807-0002","PERIS CHEPNGETICH","2026-08-07T05:23:53.576Z",63330,63330,0,0,0,63720,0
"MOGOGOSHIEK","SHF-20260807-0003","Faith Cherono","2026-08-07T05:24:29.066Z",72420,72420,0,0,0,0,73300
"Kyogong","SHF-20260807-0004","MERCY CHEPKORIR","2026-08-07T05:29:51.778Z",421710,325010,22200,130320,131990,259480,0
"SOTIK","SHF-20260807-0005","EVANS KORIR","2026-08-07T08:21:49.944Z",68880,68880,0,0,0,0,68880
"Kyogong","SHF-20260807-0006","VENNY CHERONO","2026-08-07T08:34:20.520Z",60390,60390,0,0,0,0,63290
"Kyogong","SHF-20260807-0007","FELISHA CHEPNGETICH","2026-08-07T08:35:52.034Z",36050,36050,0,0,0,0,41480
"BOMET TOWN","SHF-20260807-0008","MERCY CHEPKORIR","2026-08-07T09:10:00.135Z",146870,146870,0,0,0,0,150570
"Kyogong","SHF-20260808-0001","MERCY CHEPKORIR","2026-08-08T04:01:36.773Z",612640,417480,0,195160,195160,234630,0
"BOMET TOWN","SHF-20260808-0002","EVANS KOSKEI","2026-08-08T04:25:11.369Z",63400,63400,0,0,0,68660,0
"MOGOGOSHIEK","SHF-20260808-0003","Faith Cherono","2026-08-08T05:10:55.146Z",131060,131060,0,0,0,0,135330
"MOGOGOSHIEK","SHF-20260808-0004","PERIS CHEPNGETICH","2026-08-08T05:11:20.969Z",52180,52180,0,0,0,67350,0
"BOMET TOWN","SHF-20260808-0005","LENAH SIGEI","2026-08-08T09:48:26.729Z",148490,148490,0,0,0,0,154490
"SOTIK","SHF-20260808-0006","EVANS KORIR","2026-08-08T10:25:47.740Z",80190,80190,0,0,0,0,80190
"Kyogong","SHF-20260808-0007","FELISHA CHEPNGETICH","2026-08-08T10:40:40.325Z",35840,35840,0,0,0,0,35840
"Kyogong","SHF-20260808-0008","VENNY CHERONO","2026-08-08T11:02:40.268Z",25240,25240,0,0,0,0,25240
"Kyogong","SHF-20260809-0001","MERCY CHEPKORIR","2026-08-09T04:25:42.647Z",370900,322400,8500,48500,48500,277880,0
"BOMET TOWN","SHF-20260809-0002","EVANS KOSKEI","2026-08-09T04:56:04.056Z",54560,54560,0,0,0,59990,0
"MOGOGOSHIEK","SHF-20260809-0003","Faith Cherono","2026-08-09T05:51:19.955Z",71070,71070,0,0,0,0,74400
"MOGOGOSHIEK","SHF-20260809-0004","PERIS CHEPNGETICH","2026-08-09T05:51:48.804Z",60270,60270,0,0,0,62520,0
"SOTIK","SHF-20260809-0005","EVANS KORIR","2026-08-09T08:17:00.280Z",99640,99640,0,0,0,0,99640
"Kyogong","SHF-20260809-0006","VENNY CHERONO","2026-08-09T09:22:48.725Z",23010,23010,0,0,0,0,27410
"Kyogong","SHF-20260809-0007","FELISHA CHEPNGETICH","2026-08-09T10:08:24.434Z",16240,16240,0,0,0,0,16690
"BOMET TOWN","SHF-20260809-0008","LENAH SIGEI","2026-08-09T10:39:26.861Z",113050,113050,0,0,0,0,117300
"Kyogong","SHF-20260810-0001","MERCY CHEPKORIR","2026-08-10T04:00:08.136Z",191820,166820,0,25000,25000,164290,0
"BOMET TOWN","SHF-20260810-0002","EVANS KOSKEI","2026-08-10T04:28:45.876Z",68730,68730,0,0,0,77950,0
"MOGOGOSHIEK","SHF-20260810-0003","PERIS CHEPNGETICH","2026-08-10T06:13:28.206Z",27270,27270,0,0,0,29650,0
"MOGOGOSHIEK","SHF-20260810-0004","Faith Cherono","2026-08-10T06:14:01.317Z",28260,28260,0,0,0,0,28260
"SOTIK","SHF-20260810-0005","EVANS KORIR","2026-08-10T08:00:30.786Z",123590,123590,0,0,0,0,123590
"BOMET TOWN","SHF-20260810-0006","MERCY CHEPKORIR","2026-08-10T08:10:01.883Z",65990,65990,0,0,0,0,66490
"Kyogong","SHF-20260810-0007","FELISHA CHEPNGETICH","2026-08-10T10:28:55.138Z",20270,20270,0,0,0,0,22270
"Kyogong","SHF-20260810-0008","VENNY CHERONO","2026-08-10T12:21:59.889Z",29100,29100,0,0,0,0,30060
"Kyogong","SHF-20260811-0001","MERCY CHEPKORIR","2026-08-11T04:08:58.036Z",315870,251590,0,66280,66280,197020,0
"BOMET TOWN","SHF-20260811-0002","EVANS KOSKEI","2026-08-11T04:24:22.975Z",75520,75520,0,0,0,80690,0
"MOGOGOSHIEK","SHF-20260811-0003","Faith Cherono","2026-08-11T05:16:21.521Z",36930,36930,0,0,0,0,36930
"MOGOGOSHIEK","SHF-20260811-0004","PERIS CHEPNGETICH","2026-08-11T05:16:47.251Z",44440,44440,0,0,0,49150,0
"BOMET TOWN","SHF-20260811-0005","MERCY CHEPKORIR","2026-08-11T07:20:39.753Z",57050,57050,0,0,0,0,61200
"SOTIK","SHF-20260811-0006","EVANS KORIR","2026-08-11T09:02:04.363Z",54380,54380,0,0,0,0,54380
"Kyogong","SHF-20260811-0007","VENNY CHERONO","2026-08-11T10:20:46.338Z",6460,6460,0,0,0,0,6460
"Kyogong","SHF-20260811-0008","FELISHA CHEPNGETICH","2026-08-11T10:31:02.480Z",10940,10940,0,0,0,0,15340
"Kyogong","SHF-20260812-0001","MERCY CHEPKORIR","2026-08-12T04:07:14.394Z",275330,208930,3500,66400,66400,169120,0
"MOGOGOSHIEK","SHF-20260812-0002","Faith Cherono","2026-08-12T05:18:55.089Z",48880,48880,0,0,0,0,52430
"BOMET TOWN","SHF-20260812-0003","EVANS KOSKEI","2026-08-12T05:19:07.761Z",68590,68590,0,0,0,72100,0
"MOGOGOSHIEK","SHF-20260812-0004","PERIS CHEPNGETICH","2026-08-12T05:19:35.239Z",49030,49030,0,0,0,50720,0
"BOMET TOWN","SHF-20260812-0005","LENAH SIGEI","2026-08-12T07:12:51.243Z",53350,53350,0,0,0,0,57950
"Kyogong","SHF-20260812-0006","VENNY CHERONO","2026-08-12T09:42:49.800Z",20870,20870,0,0,0,0,23470
"Kyogong","SHF-20260812-0007","FELISHA CHEPNGETICH","2026-08-12T10:16:35.700Z",14370,14370,0,0,0,0,16370
"SOTIK","SHF-20260812-0008","EVANS KORIR","2026-08-12T11:09:55.455Z",83400,83400,0,0,0,0,83400
"Kyogong","SHF-20260813-0001","MERCY CHEPKORIR","2026-08-13T04:15:09.517Z",322530,252990,5300,69540,69540,209480,0
"BOMET TOWN","SHF-20260813-0002","EVANS KOSKEI","2026-08-13T04:29:08.410Z",74000,74000,0,0,0,79660,0
"MOGOGOSHIEK","SHF-20260813-0003","Faith Cherono","2026-08-13T05:15:10.018Z",32950,32950,0,0,0,0,36850
"MOGOGOSHIEK","SHF-20260813-0004","PERIS CHEPNGETICH","2026-08-13T05:15:43.893Z",40880,40880,0,0,0,42980,0
"BOMET TOWN","SHF-20260813-0005","LENAH SIGEI","2026-08-13T09:59:54.329Z",88020,88020,0,0,0,0,89220
"Kyogong","SHF-20260813-0006","FELISHA CHEPNGETICH","2026-08-13T10:18:45.714Z",18470,18470,0,0,0,0,18470
"Kyogong","SHF-20260813-0007","VENNY CHERONO","2026-08-13T10:20:57.255Z",25480,25480,0,0,0,0,27860
"SOTIK","SHF-20260813-0008","EVANS KORIR","2026-08-13T12:16:46.029Z",58550,58550,0,0,0,0,58550
"Kyogong","SHF-20260814-0001","MERCY CHEPKORIR","2026-08-14T03:44:12.116Z",216560,216560,0,0,0,242950,0
"BOMET TOWN","SHF-20260814-0002","EVANS KOSKEI","2026-08-14T04:19:36.734Z",68890,68890,0,0,0,79020,0
"MOGOGOSHIEK","SHF-20260814-0003","Faith Cherono","2026-08-14T05:27:18.797Z",39100,39100,0,0,0,0,40560
"MOGOGOSHIEK","SHF-20260814-0004","PERIS CHEPNGETICH","2026-08-14T05:27:45.724Z",45520,45520,0,0,0,50050,0
"BOMET TOWN","SHF-20260814-0005","MERCY CHEPKORIR","2026-08-14T09:51:32.089Z",76440,76440,0,0,0,0,78190
"Kyogong","SHF-20260814-0006","VENNY CHERONO","2026-08-14T10:30:28.863Z",10970,10970,0,0,0,0,28280
"Kyogong","SHF-20260814-0007","FELISHA CHEPNGETICH","2026-08-14T10:41:32.515Z",17500,17500,0,0,0,0,22450
"SOTIK","SHF-20260814-0008","EVANS KORIR","2026-08-14T11:08:54.855Z",52500,52500,0,0,0,0,52500
"BOMET TOWN","SHF-20260815-0001","EVANS KOSKEI","2026-08-15T04:29:26.044Z",69090,69090,0,0,0,76060,0
"SOTIK","SHF-20260815-0002","EVANS KORIR","2026-08-15T04:59:22.587Z",67050,67050,0,0,0,0,67050
"MOGOGOSHIEK","SHF-20260815-0003","Faith Cherono","2026-08-15T05:12:31.586Z",68450,68450,0,0,0,0,72240
"MOGOGOSHIEK","SHF-20260815-0004","PERIS CHEPNGETICH","2026-08-15T05:12:59.268Z",56390,56390,0,0,0,60060,0
"Kyogong","SHF-20260815-0005","MERCY CHEPKORIR","2026-08-15T05:56:43.733Z",401450,313750,0,149740,149740,228590,0
"Kyogong","SHF-20260815-0007","FELISHA CHEPNGETICH","2026-08-15T10:28:51.447Z",61610,61610,0,0,0,0,62710
"Kyogong","SHF-20260815-0009","VENNY CHERONO","2026-08-15T11:11:35.392Z",20360,20360,0,0,0,0,20710
"BOMET TOWN","SHF-20260815-0010","MERCY CHEPKORIR","2026-08-15T11:28:36.606Z",176750,176750,0,0,0,0,177750
"Kyogong","SHF-20260816-0001","MERCY CHEPKORIR","2026-08-16T04:02:00.258Z",339980,327980,3000,20000,20000,321220,0
"BOMET TOWN","SHF-20260816-0002","EVANS KOSKEI","2026-08-16T05:08:15.775Z",67980,67980,0,0,0,76650,0
"MOGOGOSHIEK","SHF-20260816-0003","Faith Cherono","2026-08-16T06:03:48.742Z",102500,102500,0,0,0,0,104500
"MOGOGOSHIEK","SHF-20260816-0004","PERIS CHEPNGETICH","2026-08-16T06:04:10.402Z",53350,53350,0,0,0,54190,0
"BOMET TOWN","SHF-20260816-0005","LENAH SIGEI","2026-08-16T07:38:13.330Z",140860,140860,0,0,0,0,144260
"SOTIK","SHF-20260816-0007","EVANS KORIR","2026-08-16T08:27:07.352Z",83150,83150,0,0,0,0,83150
"Kyogong","SHF-20260816-0008","FELISHA CHEPNGETICH","2026-08-16T09:45:04.475Z",37960,37960,0,0,0,0,38410
"Kyogong","SHF-20260817-0003","MERCY CHEPKORIR","2026-08-17T05:57:35.435Z",248260,195260,0,267900,53000,159250,0
"Kyogong","SHF-20260818-0001","MERCY CHEPKORIR","2026-08-18T03:47:55.395Z",331860,255120,3500,367780,76740,209350,0
"Kyogong","SHF-20260819-0004","MERCY CHEPKORIR","2026-08-19T04:45:09.314Z",261140,215640,14000,300940,45500,204160,0
"Kyogong","SHF-20260820-0002","MERCY CHEPKORIR","2026-08-20T04:10:40.351Z",374980,304680,3500,412430,75300,254180,0
"Kyogong","SHF-20260821-0003","MERCY CHEPKORIR","2026-08-21T04:16:04.950Z",602070,422690,2000,668000,196880,264340,0
"Kyogong","SHF-20260822-0002","MERCY CHEPKORIR","2026-08-22T04:30:58.079Z",413940,360440,4000,542860,105000,312990,0
"Kyogong","SHF-20260823-0002","MERCY CHEPKORIR","2026-08-23T04:23:56.775Z",450550,410850,4000,470820,40200,377170,0
"Kyogong","SHF-20260824-0002","MERCY CHEPKORIR","2026-08-24T04:22:34.841Z",241600,226180,2000,255170,15420,212930,0
"Kyogong","SHF-20260825-0001","MERCY CHEPKORIR","2026-08-25T04:34:53.747Z",391130,289390,27500,416650,101740,206020,0
"Kyogong","SHF-20260826-0004","MERCY CHEPKORIR","2026-08-26T06:02:16.760Z",340560,284740,12000,410330,55820,295340,0
"Kyogong","SHF-20260827-0005","MERCY CHEPKORIR","2026-08-27T05:41:02.520Z",260410,221410,11000,286760,39000,203780,0
"Kyogong","SHF-20260828-0001","MERCY CHEPKORIR","2026-08-28T04:23:29.397Z",379430,278930,6000,1014410,335880,191580,0
"Kyogong","SHF-20260829-0001","MERCY CHEPKORIR","2026-08-29T04:26:03.357Z",471350,337510,6500,494230,133840,210700,0
"Kyogong","SHF-20260830-0002","MERCY CHEPKORIR","2026-08-30T04:14:07.995Z",393360,323300,2000,410900,70060,250080,0
"Kyogong","SHF-20260831-0001","MERCY CHEPKORIR","2026-08-31T04:23:51.945Z",152620,141320,0,176980,11300,150080,0
"Kyogong","SHF-20260901-0001","MERCY CHEPKORIR","2026-09-01T04:14:33.219Z",270120,197990,10000,423720,62700,141170,0
"Kyogong","SHF-20260902-0001","MERCY CHEPKORIR","2026-09-02T04:03:03.234Z",238780,208540,2000,252010,30240,183030,0
"Kyogong","SHF-20260903-0001","MERCY CHEPKORIR","2026-09-03T04:21:19.526Z",326320,251820,12500,344280,74500,193880,0
"Kyogong","SHF-20260904-0001","MERCY CHEPKORIR","2026-09-04T04:37:59.128Z",525260,354200,0,547060,171060,199790,0
"Kyogong","SHF-20260905-0002","MERCY CHEPKORIR","2026-09-05T04:33:44.281Z",485870,343730,4500,503200,142140,202570,0
"Kyogong","SHF-20260906-0001","MERCY CHEPKORIR","2026-09-06T03:53:48.717Z",518520,393120,0,562440,125400,288140,0
"Kyogong","SHF-20260907-0002","MERCY CHEPKORIR","2026-09-07T04:20:02.380Z",290370,217130,13000,308990,73240,157910,0
"Kyogong","SHF-20260908-0002","MERCY CHEPKORIR","2026-09-08T04:31:18.008Z",274840,217650,0,288620,57190,171240,0
"Kyogong","SHF-20260909-0001","MERCY CHEPKORIR","2026-09-09T04:13:14.794Z",656210,415430,16000,572250,144780,180440,0
"Kyogong","SHF-20260910-0001","MERCY CHEPKORIR","2026-09-10T03:46:32.142Z",358300,278300,0,371850,80000,207700,0
"Kyogong","SHF-20260911-0001","MERCY CHEPKORIR","2026-09-11T03:45:03.759Z",482430,342070,0,509650,140360,226380,0
"Kyogong","SHF-20260912-0001","MERCY CHEPKORIR","2026-09-12T04:03:40.571Z",597250,406910,6000,604250,148340,253420,0
"Kyogong","SHF-20260913-0001","MERCY CHEPKORIR","2026-09-13T04:14:41.069Z",287840,271140,0,428050,16700,266050,0
"Kyogong","SHF-20260914-0001","MERCY CHEPKORIR","2026-09-14T04:21:42.626Z",310070,249260,2000,332270,60810,144130,0
"Kyogong","SHF-20260915-0002","MERCY CHEPKORIR","2026-09-15T04:36:25.784Z",441210,283130,0,451900,158080,131790,0
"Kyogong","SHF-20260916-0001","MERCY CHEPKORIR","2026-09-16T04:15:25.585Z",410660,261540,0,482580,149120,125590,0
"Kyogong","SHF-20260917-0002","MERCY CHEPKORIR","2026-09-17T04:58:37.629Z",415940,253300,0,414040,147640,101610,0
"Kyogong","SHF-20260918-0001","MERCY CHEPKORIR","2026-09-18T04:25:04.628Z",716010,461150,2000,731410,254860,210890,0
"Kyogong","SHF-20260919-0001","MERCY CHEPKORIR","2026-09-19T03:58:55.319Z",354480,283140,3500,344610,44340,217630,0
"Kyogong","SHF-20260920-0001","MERCY CHEPKORIR","2026-09-20T04:17:42.579Z",485440,375440,7000,500820,110000,264070,0
"Kyogong","SHF-20260921-0001","MERCY CHEPKORIR","2026-09-21T03:49:04.471Z",248170,173530,3500,205800,22140,105170,0
"Kyogong","SHF-20260922-0001","MERCY CHEPKORIR","2026-09-22T04:07:04.733Z",278090,210850,13000,287700,67240,151020,0
"Kyogong","SHF-20260923-0001","MERCY CHEPKORIR","2026-09-23T03:48:07.575Z",245130,178310,0,206250,18820,114360,0
"Kyogong","SHF-20260924-0001","MERCY CHEPKORIR","2026-09-24T03:42:58.763Z",294070,215770,0,291440,69000,141040,0
"Kyogong","SHF-20260925-0001","MERCY CHEPKORIR","2026-09-25T03:34:37.471Z",463510,313110,7800,475810,150400,164660,0
"Kyogong","SHF-20260926-0001","MERCY CHEPKORIR","2026-09-26T03:56:46.702Z",355150,273650,0,369440,81500,190990,0
"Kyogong","SHF-20260927-0001","MERCY CHEPKORIR","2026-09-27T03:34:01.712Z",260160,241080,0,272580,19080,220870,0
"Kyogong","SHF-20260928-0001","MERCY CHEPKORIR","2026-09-28T03:59:17.944Z",246100,182400,5500,264110,63700,131460,0
"Kyogong","SHF-20260929-0001","MERCY CHEPKORIR","2026-09-29T03:26:17.213Z",159150,135990,0,172590,21360,122570,0
"Kyogong","SHF-20260930-0001","MERCY CHEPKORIR","2026-09-30T03:50:50.945Z",427020,279520,0,420380,118500,150240,0
"Kyogong","SHF-20261001-0001","MERCY CHEPKORIR","2026-10-01T03:52:44.735Z",154190,128990,0,170610,25200,113910,0
"Kyogong","SHF-20261002-0001","MERCY CHEPKORIR","2026-10-02T04:04:51.817Z",691570,429970,7000,648910,191100,192310,0