branch,cashier,pos_outlets,shift_number,shift_start,logbook_total_sales,credit_bills_taken,logbook_incl_credit,sold_items_revenue,sold_minus_logbook_incl_credit,own_txn_total,pos_payments,credit_orders_value
BOMET TOWN,EVANS KOSKEI,"BOMET TOWN Non-consumables POS, BOMET TOWN Restaurant POS",SHF-20260904-0004,2026-09-04T05:16:59.089Z,100820,6490,107310,108700,1390,107310,107310,7880
BOMET TOWN,LENAH SIGEI,"BOMET TOWN Main Bar POS",SHF-20260904-0006,2026-09-04T08:19:11.977Z,109900,3550,113450,113450,0,113450,113450,3550
BOMET TOWN,EVANS KOSKEI,"BOMET TOWN Non-consumables POS, BOMET TOWN Restaurant POS",SHF-20260905-0001,2026-09-05T04:28:30.535Z,78580,7350,85930,85930,0,85930,85930,7350
BOMET TOWN,LENAH SIGEI,"BOMET TOWN Main Bar POS",SHF-20260905-0006,2026-09-05T09:15:06.012Z,171120,8400,179520,179520,0,179520,179520,9700
BOMET TOWN,EVANS KOSKEI,"BOMET TOWN Non-consumables POS, BOMET TOWN Restaurant POS",SHF-20260906-0002,2026-09-06T04:47:12.168Z,81890,8300,90190,90190,0,90190,90190,8300
BOMET TOWN,LENAH SIGEI,"BOMET TOWN Main Bar POS",SHF-20260906-0007,2026-09-06T10:05:10.448Z,219020,9350,228370,228370,0,228370,228370,9350
BOMET TOWN,EVANS KOSKEI,"BOMET TOWN Non-consumables POS, BOMET TOWN Restaurant POS",SHF-20260907-0003,2026-09-07T04:23:35.002Z,96070,8610,104680,104680,0,104680,104680,8610
BOMET TOWN,LENAH SIGEI,"BOMET TOWN Main Bar POS",SHF-20260907-0007,2026-09-07T08:59:33.554Z,96330,1350,97680,97680,0,97680,97680,2550
BOMET TOWN,EVANS KOSKEI,"BOMET TOWN Non-consumables POS, BOMET TOWN Restaurant POS",SHF-20260908-0001,2026-09-08T04:04:28.886Z,81750,9410,91160,91160,0,91160,91160,9410
BOMET TOWN,LENAH SIGEI,"BOMET TOWN Main Bar POS",SHF-20260908-0006,2026-09-08T08:07:27.114Z,93840,1150,94990,94990,0,94990,94990,1150
BOMET TOWN,EVANS KOSKEI,"BOMET TOWN Non-consumables POS, BOMET TOWN Restaurant POS",SHF-20260909-0002,2026-09-09T04:15:07.561Z,107010,5130,112140,112140,0,112140,112140,5130
BOMET TOWN,LENAH SIGEI,"BOMET TOWN Main Bar POS",SHF-20260909-0005,2026-09-09T07:41:11.710Z,155650,2050,157700,157700,0,157700,157700,2300
BOMET TOWN,EVANS KOSKEI,"BOMET TOWN Non-consumables POS, BOMET TOWN Restaurant POS",SHF-20260910-0002,2026-09-10T04:28:24.555Z,93710,2960,96670,100550,3880,96670,96670,6840
BOMET TOWN,LINDA CHEPNGENO,"BOMET TOWN Main Bar POS",SHF-20260910-0005,2026-09-10T07:35:57.292Z,130170,4700,134870,134870,0,134870,134870,9550
BOMET TOWN,EVANS KOSKEI,"BOMET TOWN Non-consumables POS, BOMET TOWN Restaurant POS",SHF-20260911-0002,2026-09-11T04:25:01.488Z,102900,10970,113870,113870,0,113870,113870,10970
BOMET TOWN,LINDA CHEPNGENO,"BOMET TOWN Main Bar POS",SHF-20260911-0006,2026-09-11T07:51:29.634Z,185800,12250,198050,198050,0,198050,198050,12250
BOMET TOWN,EVANS KOSKEI,"BOMET TOWN Non-consumables POS, BOMET TOWN Restaurant POS",SHF-20260912-0002,2026-09-12T04:39:00.912Z,88290,13150,101440,101440,0,101440,101440,13150
BOMET TOWN,LENAH SIGEI,"BOMET TOWN Main Bar POS",SHF-20260912-0006,2026-09-12T09:34:49.507Z,166370,5850,172220,172220,0,172220,172220,5850
BOMET TOWN,EVANS KOSKEI,"BOMET TOWN Non-consumables POS, BOMET TOWN Restaurant POS",SHF-20260913-0002,2026-09-13T04:48:32.526Z,83560,7980,91540,91040,-500,91540,91540,7830
BOMET TOWN,LENAH SIGEI,"BOMET TOWN Main Bar POS",SHF-20260913-0006,2026-09-13T07:43:39.491Z,147740,1800,149540,149540,0,149540,149540,1800
BOMET TOWN,EVANS KOSKEI,"BOMET TOWN Non-consumables POS, BOMET TOWN Restaurant POS",SHF-20260914-0002,2026-09-14T04:41:22.343Z,97540,11590,109130,109130,0,109130,109130,11590
BOMET TOWN,LINDA CHEPNGENO,"BOMET TOWN Main Bar POS",SHF-20260914-0007,2026-09-14T09:50:21.062Z,104750,0,104750,104750,0,104750,104750,0
BOMET TOWN,EVANS KOSKEI,"BOMET TOWN Non-consumables POS, BOMET TOWN Restaurant POS",SHF-20260915-0003,2026-09-15T04:38:43.955Z,92900,5380,98280,101180,2900,98280,98280,8280
BOMET TOWN,LINDA CHEPNGENO,"BOMET TOWN Main Bar POS",SHF-20260915-0006,2026-09-15T08:22:05.480Z,90400,5050,95450,95450,0,95450,95450,5350
BOMET TOWN,EVANS KOSKEI,"BOMET TOWN Non-consumables POS, BOMET TOWN Restaurant POS",SHF-20260916-0002,2026-09-16T04:39:14.726Z,85210,8620,93830,93830,0,93830,93830,8620
BOMET TOWN,LENAH SIGEI,"BOMET TOWN Main Bar POS",SHF-20260916-0005,2026-09-16T08:40:32.751Z,87150,0,87150,87150,0,87150,87150,0
BOMET TOWN,EVANS KOSKEI,"BOMET TOWN Non-consumables POS, BOMET TOWN Restaurant POS",SHF-20260917-0001,2026-09-17T04:46:07.059Z,75060,5330,80390,79990,-400,80390,80390,5330
BOMET TOWN,LENAH SIGEI,"BOMET TOWN Main Bar POS",SHF-20260917-0006,2026-09-17T09:14:21.931Z,86550,3800,90350,90350,0,90350,90350,4600
BOMET TOWN,EVANS KOSKEI,"BOMET TOWN Non-consumables POS, BOMET TOWN Restaurant POS",SHF-20260918-0002,2026-09-18T05:31:31.999Z,82830,10120,92950,92950,0,92950,92950,10120
BOMET TOWN,LINDA CHEPNGENO,"BOMET TOWN Main Bar POS",SHF-20260918-0005,2026-09-18T07:35:19.225Z,114070,0,114070,114070,0,114070,114070,0
BOMET TOWN,EVANS KOSKEI,"BOMET TOWN Non-consumables POS, BOMET TOWN Restaurant POS",SHF-20260919-0002,2026-09-19T04:46:10.969Z,95470,2040,97510,98670,1160,97510,97510,4150
BOMET TOWN,LINDA CHEPNGENO,"BOMET TOWN Main Bar POS",SHF-20260919-0005,2026-09-19T07:31:48.474Z,160800,4950,165750,165850,100,165750,165750,6000
BOMET TOWN,EVANS KOSKEI,"BOMET TOWN Non-consumables POS, BOMET TOWN Restaurant POS",SHF-20260920-0002,2026-09-20T06:31:42.501Z,85640,3580,89220,89220,0,89220,89220,3580
BOMET TOWN,LENAH SIGEI,"BOMET TOWN Main Bar POS",SHF-20260920-0008,2026-09-20T09:38:32.891Z,107650,2150,109800,109800,0,109800,109800,2150
BOMET TOWN,EVANS KOSKEI,"BOMET TOWN Non-consumables POS, BOMET TOWN Restaurant POS",SHF-20260921-0002,2026-09-21T04:28:22.642Z,66740,10170,76910,76910,0,76910,76910,10170
BOMET TOWN,LENAH SIGEI,"BOMET TOWN Main Bar POS",SHF-20260921-0005,2026-09-21T09:30:24.850Z,47350,800,48150,48150,0,48150,48150,800
BOMET TOWN,EVANS KOSKEI,"BOMET TOWN Non-consumables POS, BOMET TOWN Restaurant POS",SHF-20260922-0002,2026-09-22T04:33:32.167Z,68070,10310,78380,78380,0,78380,78380,10310
BOMET TOWN,LENAH SIGEI,"BOMET TOWN Main Bar POS",SHF-20260922-0005,2026-09-22T07:31:55.411Z,0,0,0,214920,214920,0,214920,1050
BOMET TOWN,LINDA CHEPNGENO,"",SHF-20260922-0006,2026-09-22T07:41:00.613Z,132320,1050,133370,0,-133370,133370,0,0
BOMET TOWN,EVANS KOSKEI,"BOMET TOWN Non-consumables POS, BOMET TOWN Restaurant POS",SHF-20260923-0002,2026-09-23T05:03:07.510Z,74150,9050,83200,83200,0,83200,83200,9050
BOMET TOWN,LINDA CHEPNGENO,"",SHF-20260923-0006,2026-09-23T09:27:08.445Z,81550,0,81550,0,-81550,81550,0,0
BOMET TOWN,EVANS KOSKEI,"BOMET TOWN Non-consumables POS, BOMET TOWN Restaurant POS",SHF-20260924-0002,2026-09-24T04:14:07.266Z,109270,2430,111700,114880,3180,111700,111700,5610
BOMET TOWN,LENAH SIGEI,"BOMET TOWN Main Bar POS",SHF-20260924-0007,2026-09-24T09:37:07.775Z,77650,100,77750,77750,0,77750,77750,100
BOMET TOWN,EVANS KOSKEI,"BOMET TOWN Non-consumables POS, BOMET TOWN Restaurant POS",SHF-20260925-0002,2026-09-25T04:39:43.287Z,108060,3670,111730,112450,720,111730,111730,4390
BOMET TOWN,LENAH SIGEI,"BOMET TOWN Main Bar POS",SHF-20260925-0006,2026-09-25T09:50:07.955Z,120110,4350,124460,124460,0,124460,124460,4350
BOMET TOWN,EVANS KOSKEI,"BOMET TOWN Non-consumables POS, BOMET TOWN Restaurant POS",SHF-20260926-0002,2026-09-26T04:49:42.989Z,94090,4170,98260,99250,990,98260,98260,5260
BOMET TOWN,LENAH SIGEI,"BOMET TOWN Main Bar POS",SHF-20260926-0008,2026-09-26T08:59:40.894Z,0,0,0,186090,186090,0,186090,1300
BOMET TOWN,LINDA CHEPNGENO,"",SHF-20260926-0009,2026-09-26T09:00:37.108Z,185040,1050,186090,0,-186090,186090,0,0
BOMET TOWN,EVANS KOSKEI,"BOMET TOWN Non-consumables POS, BOMET TOWN Restaurant POS",SHF-20260927-0002,2026-09-27T05:05:51.583Z,76400,7000,83400,84310,910,83400,83400,7910
BOMET TOWN,LINDA CHEPNGENO,"BOMET TOWN Main Bar POS",SHF-20260927-0005,2026-09-27T08:17:36.264Z,86940,3000,89940,89940,0,89940,89940,4000
BOMET TOWN,EVANS KOSKEI,"BOMET TOWN Non-consumables POS, BOMET TOWN Restaurant POS",SHF-20260928-0002,2026-09-28T04:10:47.993Z,96470,4760,101230,107360,6130,101230,101230,10890
BOMET TOWN,LENAH SIGEI,"BOMET TOWN Main Bar POS",SHF-20260928-0006,2026-09-28T09:30:29.235Z,93550,2950,96500,96500,0,96500,96500,2950
BOMET TOWN,EVANS KOSKEI,"BOMET TOWN Non-consumables POS, BOMET TOWN Restaurant POS",SHF-20260929-0002,2026-09-29T04:26:33.694Z,69710,3270,72980,75990,3010,72980,72980,6280
BOMET TOWN,LENAH SIGEI,"BOMET TOWN Main Bar POS",SHF-20260929-0006,2026-09-29T09:06:11.150Z,98380,3300,101680,101680,0,101680,101680,3300
BOMET TOWN,EVANS KOSKEI,"BOMET TOWN Non-consumables POS, BOMET TOWN Restaurant POS",SHF-20260930-0003,2026-09-30T05:24:17.109Z,88830,3920,92750,98550,5800,92750,92750,9870
BOMET TOWN,LINDA CHEPNGENO,"BOMET TOWN Main Bar POS",SHF-20260930-0007,2026-09-30T07:39:46.165Z,98420,300,98720,98720,0,98720,98720,300
BOMET TOWN,EVANS KOSKEI,"BOMET TOWN Non-consumables POS, BOMET TOWN Restaurant POS",SHF-20261001-0004,2026-10-01T05:21:35.067Z,82220,3190,85410,87820,2410,85410,85410,5600
BOMET TOWN,LINDA CHEPNGENO,"BOMET TOWN Main Bar POS",SHF-20261001-0007,2026-10-01T10:09:42.153Z,76010,3150,79160,79160,0,79160,79160,3150
BOMET TOWN,EVANS KOSKEI,"BOMET TOWN Non-consumables POS, BOMET TOWN Restaurant POS",SHF-20261002-0003,2026-10-02T04:21:57.311Z,68790,6580,75370,77860,2490,75370,75370,9070
BOMET TOWN,LENAH SIGEI,"BOMET TOWN Main Bar POS",SHF-20261002-0009,2026-10-02T09:39:45.416Z,96340,3350,99690,99690,0,99690,99690,6550
BOMET TOWN,EVANS KOSKEI,"BOMET TOWN Non-consumables POS, BOMET TOWN Restaurant POS",SHF-20261003-0002,2026-10-03T04:14:01.132Z,90670,0,90670,93590,2920,90670,90670,6160
BOMET TOWN,LENAH SIGEI,"BOMET TOWN Main Bar POS",SHF-20261003-0007,2026-10-03T09:20:03.006Z,74900,0,74900,74900,0,74900,74900,0
Kyogong,MERCY CHEPKORIR,"Kyogong Choma Zone POS, Kyogong Non-consumables POS, Kyogong Restaurant POS",SHF-20260904-0001,2026-09-04T04:37:59.128Z,525260,21800,547060,215470,-331590,376000,204940,25760
Kyogong,FELISHA CHEPNGETICH,"Kyogong Executive Bar POS",SHF-20260904-0007,2026-09-04T08:22:43.349Z,39230,3400,42630,42630,0,42630,42630,3400
Kyogong,VENNY CHERONO,"Kyogong Main Bar POS",SHF-20260904-0008,2026-09-04T13:37:42.878Z,63540,0,63540,63540,0,63540,63540,0
Kyogong,MERCY CHEPKORIR,"Kyogong Choma Zone POS, Kyogong Non-consumables POS, Kyogong Restaurant POS",SHF-20260905-0002,2026-09-05T04:33:44.281Z,485870,17330,503200,237670,-265530,361060,218920,34480
Kyogong,VENNY CHERONO,"Kyogong Main Bar POS",SHF-20260905-0007,2026-09-05T10:46:01.404Z,69450,0,69450,69450,0,69450,69450,0
Kyogong,FELISHA CHEPNGETICH,"Kyogong Executive Bar POS",SHF-20260905-0008,2026-09-05T11:20:24.307Z,32060,9830,41890,41890,0,41890,41890,9830
Kyogong,MERCY CHEPKORIR,"Kyogong Choma Zone POS, Kyogong Non-consumables POS, Kyogong Restaurant POS",SHF-20260906-0001,2026-09-06T03:53:48.717Z,518520,43920,562440,320700,-241740,437040,311640,43920
Kyogong,VENNY CHERONO,"Kyogong Main Bar POS",SHF-20260906-0006,2026-09-06T09:31:45.895Z,84920,5750,90670,90970,300,90670,90670,5750
Kyogong,FELISHA CHEPNGETICH,"Kyogong Executive Bar POS",SHF-20260906-0008,2026-09-06T12:51:16.432Z,19700,20090,39790,40740,950,39790,39790,20090
Kyogong,MERCY CHEPKORIR,"Kyogong Choma Zone POS, Kyogong Non-consumables POS, Kyogong Restaurant POS",SHF-20260907-0001,2026-09-07T04:10:06.565Z,0,0,0,0,0,0,0,0
Kyogong,MERCY CHEPKORIR,"Kyogong Choma Zone POS, Kyogong Non-consumables POS, Kyogong Restaurant POS",SHF-20260907-0002,2026-09-07T04:20:02.380Z,290370,18620,308990,172160,-136830,235750,162510,22270
Kyogong,VENNY CHERONO,"Kyogong Main Bar POS",SHF-20260907-0008,2026-09-07T09:34:13.173Z,20330,400,20730,20730,0,20730,20730,400
Kyogong,FELISHA CHEPNGETICH,"Kyogong Executive Bar POS",SHF-20260907-0009,2026-09-07T09:53:36.369Z,16790,5000,21790,24690,2900,21790,21790,5000
Kyogong,MERCY CHEPKORIR,"Kyogong Choma Zone POS, Kyogong Non-consumables POS, Kyogong Restaurant POS",SHF-20260908-0002,2026-09-08T04:31:18.008Z,274840,13780,288620,205740,-82880,231430,174240,32370
Kyogong,VENNY CHERONO,"Kyogong Main Bar POS",SHF-20260908-0005,2026-09-08T08:03:02.224Z,10090,1200,11290,12340,1050,11290,11290,1200
Kyogong,FELISHA CHEPNGETICH,"Kyogong Executive Bar POS",SHF-20260908-0007,2026-09-08T11:47:35.856Z,41320,700,42020,42970,950,42020,42020,700
Kyogong,MERCY CHEPKORIR,"Kyogong Choma Zone POS, Kyogong Non-consumables POS, Kyogong Restaurant POS",SHF-20260909-0001,2026-09-09T04:13:14.794Z,656210,12040,668250,203130,-465120,427470,186690,12040
Kyogong,FELISHA CHEPNGETICH,"Kyogong Executive Bar POS",SHF-20260909-0006,2026-09-09T09:25:20.720Z,22470,0,22470,25650,3180,22470,22470,0
Kyogong,VENNY CHERONO,"Kyogong Main Bar POS",SHF-20260909-0007,2026-09-09T10:07:23.588Z,37210,750,37960,38410,450,37960,37960,750
Kyogong,MERCY CHEPKORIR,"Kyogong Choma Zone POS, Kyogong Non-consumables POS, Kyogong Restaurant POS",SHF-20260910-0001,2026-09-10T03:46:32.142Z,358300,13550,371850,225070,-146780,291850,211850,16740
Kyogong,FELISHA CHEPNGETICH,"Kyogong Executive Bar POS",SHF-20260910-0007,2026-09-10T10:05:39.616Z,32630,3300,35930,35930,0,35930,35930,3300
Kyogong,VENNY CHERONO,"Kyogong Main Bar POS",SHF-20260910-0008,2026-09-10T10:31:12.788Z,30860,4410,35270,36420,1150,35270,35270,4410
Kyogong,MERCY CHEPKORIR,"Kyogong Choma Zone POS, Kyogong Non-consumables POS, Kyogong Restaurant POS",SHF-20260911-0001,2026-09-11T03:45:03.759Z,482430,27220,509650,233770,-275880,369290,228930,29090
Kyogong,VENNY CHERONO,"Kyogong Main Bar POS",SHF-20260911-0007,2026-09-11T11:29:57.040Z,38350,0,38350,38350,0,38350,38350,0
Kyogong,FELISHA CHEPNGETICH,"Kyogong Executive Bar POS",SHF-20260911-0008,2026-09-11T12:08:48.612Z,19380,9800,29180,29180,0,29180,29180,9800
Kyogong,MERCY CHEPKORIR,"Kyogong Choma Zone POS, Kyogong Non-consumables POS, Kyogong Restaurant POS",SHF-20260912-0001,2026-09-12T04:03:40.571Z,597250,49000,646250,270640,-375610,455910,265570,51050
Kyogong,VENNY CHERONO,"Kyogong Main Bar POS",SHF-20260912-0007,2026-09-12T10:05:53.502Z,139200,0,139200,139200,0,139200,139200,0
Kyogong,FELISHA CHEPNGETICH,"Kyogong Executive Bar POS",SHF-20260912-0008,2026-09-12T11:59:04.087Z,17670,14600,32270,32270,0,32270,32270,14600
Kyogong,MERCY CHEPKORIR,"Kyogong Choma Zone POS, Kyogong Non-consumables POS, Kyogong Restaurant POS",SHF-20260913-0001,2026-09-13T04:14:41.069Z,287840,257380,545220,298580,-246640,411350,277480,23020
Kyogong,FELISHA CHEPNGETICH,"Kyogong Executive Bar POS",SHF-20260913-0007,2026-09-13T09:43:03.553Z,42160,42170,84330,84330,0,84330,84330,42170
Kyogong,VENNY CHERONO,"Kyogong Main Bar POS",SHF-20260913-0008,2026-09-13T10:28:28.758Z,94410,11560,105970,105970,0,105970,105970,11560
Kyogong,MERCY CHEPKORIR,"Kyogong Choma Zone POS, Kyogong Non-consumables POS, Kyogong Restaurant POS",SHF-20260914-0001,2026-09-14T04:21:42.626Z,310070,22200,332270,218680,-113590,271460,210650,23800
Kyogong,FELISHA CHEPNGETICH,"Kyogong Executive Bar POS",SHF-20260914-0006,2026-09-14T09:21:09.074Z,33100,200,33300,33300,0,33300,33300,200
Kyogong,VENNY CHERONO,"Kyogong Main Bar POS",SHF-20260914-0008,2026-09-14T12:38:41.923Z,25190,1250,26440,26440,0,26440,26440,1250
Kyogong,MERCY CHEPKORIR,"Kyogong Choma Zone POS, Kyogong Non-consumables POS, Kyogong Restaurant POS",SHF-20260915-0002,2026-09-15T04:36:25.784Z,441210,10690,451900,161570,-290330,293820,135740,18790
Kyogong,VENNY CHERONO,"Kyogong Main Bar POS",SHF-20260915-0007,2026-09-15T09:33:43.759Z,27170,2050,29220,30270,1050,29220,29220,2050
Kyogong,FELISHA CHEPNGETICH,"Kyogong Executive Bar POS",SHF-20260915-0008,2026-09-15T09:38:08.483Z,30570,9960,40530,40530,0,40530,40530,9960
Kyogong,MERCY CHEPKORIR,"Kyogong Choma Zone POS, Kyogong Non-consumables POS, Kyogong Restaurant POS",SHF-20260916-0001,2026-09-16T04:15:25.585Z,410660,127920,538580,139970,-398610,333460,128340,15330
Kyogong,FELISHA CHEPNGETICH,"Kyogong Executive Bar POS",SHF-20260916-0006,2026-09-16T10:37:32.020Z,24600,7720,32320,32320,0,32320,32320,7720
Kyogong,VENNY CHERONO,"Kyogong Main Bar POS",SHF-20260916-0007,2026-09-16T11:39:10.399Z,34500,0,34500,35350,850,34500,34500,0
Kyogong,MERCY CHEPKORIR,"Kyogong Choma Zone POS, Kyogong Non-consumables POS, Kyogong Restaurant POS",SHF-20260917-0002,2026-09-17T04:58:37.629Z,415940,13100,429040,117720,-311320,266400,103760,13100
Kyogong,FELISHA CHEPNGETICH,"Kyogong Executive Bar POS",SHF-20260917-0005,2026-09-17T08:38:27.445Z,7840,2660,10500,10500,0,10500,10500,2660
Kyogong,VENNY CHERONO,"Kyogong Main Bar POS",SHF-20260917-0007,2026-09-17T10:28:10.529Z,35550,1500,37050,37050,0,37050,37050,1500
Kyogong,MERCY CHEPKORIR,"Kyogong Choma Zone POS, Kyogong Non-consumables POS, Kyogong Restaurant POS",SHF-20260918-0001,2026-09-18T04:25:04.628Z,716010,15400,731410,222210,-509200,476550,221690,16100
Kyogong,FELISHA CHEPNGETICH,"Kyogong Executive Bar POS",SHF-20260918-0006,2026-09-18T08:08:07.946Z,32520,150,32670,32670,0,32670,32670,150
Kyogong,VENNY CHERONO,"Kyogong Main Bar POS",SHF-20260918-0007,2026-09-18T11:06:06.629Z,9000,5050,14050,14050,0,14050,14050,5050
Kyogong,MERCY CHEPKORIR,"Kyogong Choma Zone POS, Kyogong Non-consumables POS, Kyogong Restaurant POS",SHF-20260919-0001,2026-09-19T03:58:55.319Z,354480,17130,371610,229030,-142580,300270,228930,17130
Kyogong,FELISHA CHEPNGETICH,"Kyogong Executive Bar POS",SHF-20260919-0007,2026-09-19T09:54:23.712Z,35820,0,35820,35820,0,35820,35820,0
Kyogong,VENNY CHERONO,"Kyogong Main Bar POS",SHF-20260919-0008,2026-09-19T11:28:32.701Z,57970,2350,60320,60320,0,60320,60320,2350
Kyogong,MERCY CHEPKORIR,"Kyogong Choma Zone POS, Kyogong Non-consumables POS, Kyogong Restaurant POS",SHF-20260920-0001,2026-09-20T04:17:42.579Z,485440,15380,500820,283180,-217640,390820,280820,15380
Kyogong,FELISHA CHEPNGETICH,"Kyogong Executive Bar POS",SHF-20260920-0005,2026-09-20T06:54:26.202Z,26890,2850,29740,29740,0,29740,29740,2850
Kyogong,VENNY CHERONO,"Kyogong Main Bar POS",SHF-20260920-0007,2026-09-20T09:29:38.507Z,63780,2550,66330,66330,0,66330,66330,2550
Kyogong,MERCY CHEPKORIR,"Kyogong Choma Zone POS, Kyogong Non-consumables POS, Kyogong Restaurant POS",SHF-20260921-0001,2026-09-21T03:49:04.471Z,248170,10130,258300,114820,-143480,183660,109020,12950
Kyogong,FELISHA CHEPNGETICH,"Kyogong Executive Bar POS",SHF-20260921-0007,2026-09-21T10:41:02.850Z,8130,400,8530,8530,0,8530,8530,400
Kyogong,VENNY CHERONO,"Kyogong Main Bar POS",SHF-20260921-0008,2026-09-21T10:53:37.297Z,39750,0,39750,39750,0,39750,39750,0
Kyogong,MERCY CHEPKORIR,"Kyogong Choma Zone POS, Kyogong Non-consumables POS, Kyogong Restaurant POS",SHF-20260922-0001,2026-09-22T04:07:04.733Z,278090,9610,287700,159690,-128010,220460,153220,10600
Kyogong,FELISHA CHEPNGETICH,"Kyogong Executive Bar POS",SHF-20260922-0007,2026-09-22T08:30:44.394Z,21050,7200,28250,28250,0,28250,28250,7200
Kyogong,VENNY CHERONO,"Kyogong Main Bar POS",SHF-20260922-0009,2026-09-22T09:40:12.101Z,23790,0,23790,23790,0,23790,23790,0
Kyogong,MERCY CHEPKORIR,"Kyogong Choma Zone POS, Kyogong Non-consumables POS, Kyogong Restaurant POS",SHF-20260923-0001,2026-09-23T03:48:07.575Z,245130,9120,254250,130310,-123940,187430,120610,15100
Kyogong,VENNY CHERONO,"Kyogong Main Bar POS",SHF-20260923-0007,2026-09-23T09:51:36.562Z,11760,4400,16160,16160,0,16160,16160,4400
Kyogong,FELISHA CHEPNGETICH,"Kyogong Executive Bar POS",SHF-20260923-0008,2026-09-23T13:30:50.562Z,11650,1200,12850,12850,0,12850,12850,1200
Kyogong,MERCY CHEPKORIR,"Kyogong Choma Zone POS, Kyogong Non-consumables POS, Kyogong Restaurant POS",SHF-20260924-0001,2026-09-24T03:42:58.763Z,294070,6670,300740,154990,-145750,222440,144140,7740
Kyogong,VENNY CHERONO,"Kyogong Main Bar POS",SHF-20260924-0006,2026-09-24T08:50:56.605Z,14110,1000,15110,21670,6560,15110,15110,1000
Kyogong,FELISHA CHEPNGETICH,"Kyogong Executive Bar POS",SHF-20260924-0008,2026-09-24T10:14:36.988Z,14900,0,14900,14900,0,14900,14900,0
Kyogong,MERCY CHEPKORIR,"Kyogong Choma Zone POS, Kyogong Non-consumables POS, Kyogong Restaurant POS",SHF-20260925-0001,2026-09-25T03:34:37.471Z,463510,12300,475810,176840,-298970,325410,175010,14130
Kyogong,FELISHA CHEPNGETICH,"Kyogong Executive Bar POS",SHF-20260925-0005,2026-09-25T06:55:32.675Z,16910,5650,22560,22560,0,22560,22560,5650
Kyogong,VENNY CHERONO,"Kyogong Main Bar POS",SHF-20260925-0007,2026-09-25T10:22:20.737Z,34830,0,34830,34830,0,34830,34830,0
Kyogong,MERCY CHEPKORIR,"Kyogong Choma Zone POS, Kyogong Non-consumables POS, Kyogong Restaurant POS",SHF-20260926-0001,2026-09-26T03:56:46.702Z,355150,14290,369440,206830,-162610,287940,206440,14290
Kyogong,FELISHA CHEPNGETICH,"Kyogong Executive Bar POS",SHF-20260926-0007,2026-09-26T07:52:49.531Z,44300,0,44300,44300,0,44300,44300,0
Kyogong,VENNY CHERONO,"Kyogong Main Bar POS",SHF-20260926-0010,2026-09-26T10:12:20.316Z,32520,0,32520,32520,0,32520,32520,0
Kyogong,MERCY CHEPKORIR,"Kyogong Choma Zone POS, Kyogong Non-consumables POS, Kyogong Restaurant POS",SHF-20260927-0001,2026-09-27T03:34:01.712Z,260160,12420,272580,236460,-36120,253500,234420,14560
Kyogong,VENNY CHERONO,"Kyogong Main Bar POS",SHF-20260927-0006,2026-09-27T09:14:36.500Z,29260,850,30110,30110,0,30110,30110,850
Kyogong,FELISHA CHEPNGETICH,"Kyogong Executive Bar POS",SHF-20260927-0007,2026-09-27T10:45:32.363Z,15230,100,15330,15330,0,15330,15330,100
Kyogong,MERCY CHEPKORIR,"Kyogong Choma Zone POS, Kyogong Non-consumables POS, Kyogong Restaurant POS",SHF-20260928-0001,2026-09-28T03:59:17.944Z,246100,18010,264110,140390,-123720,200410,136710,18010
Kyogong,FELISHA CHEPNGETICH,"Kyogong Executive Bar POS",SHF-20260928-0005,2026-09-28T08:11:23.515Z,23690,1900,25590,25590,0,25590,25590,1900
Kyogong,VENNY CHERONO,"Kyogong Main Bar POS",SHF-20260928-0007,2026-09-28T10:14:14.245Z,16240,1700,17940,17940,0,17940,17940,1700
Kyogong,MERCY CHEPKORIR,"Kyogong Choma Zone POS, Kyogong Non-consumables POS, Kyogong Restaurant POS",SHF-20260929-0001,2026-09-29T03:26:17.213Z,159150,15240,174390,143570,-30820,151230,128070,30740
Kyogong,VENNY CHERONO,"Kyogong Main Bar POS",SHF-20260929-0005,2026-09-29T08:23:18.975Z,28510,1400,29910,29910,0,29910,29910,1400
Kyogong,FELISHA CHEPNGETICH,"Kyogong Executive Bar POS",SHF-20260929-0007,2026-09-29T10:24:41.919Z,20410,2900,23310,23310,0,23310,23310,2900
Kyogong,MERCY CHEPKORIR,"Kyogong Choma Zone POS, Kyogong Non-consumables POS, Kyogong Restaurant POS",SHF-20260930-0001,2026-09-30T03:50:50.945Z,427020,22360,449380,155230,-294150,301880,154380,22360
Kyogong,FELISHA CHEPNGETICH,"Kyogong Executive Bar POS",SHF-20260930-0008,2026-09-30T09:19:36.768Z,16500,13000,29500,29500,0,29500,29500,13000
Kyogong,VENNY CHERONO,"Kyogong Main Bar POS",SHF-20260930-0009,2026-09-30T10:17:42.133Z,50940,100,51040,51040,0,51040,51040,100
Kyogong,MERCY CHEPKORIR,"Kyogong Choma Zone POS, Kyogong Non-consumables POS, Kyogong Restaurant POS",SHF-20261001-0001,2026-10-01T03:52:44.735Z,154190,16420,170610,140950,-29660,145410,120210,36310
Kyogong,FELISHA CHEPNGETICH,"Kyogong Executive Bar POS",SHF-20261001-0006,2026-10-01T08:00:26.263Z,27280,13330,40610,40610,0,40610,40610,13330
Kyogong,VENNY CHERONO,"Kyogong Main Bar POS",SHF-20261001-0008,2026-10-01T10:46:16.131Z,33690,0,33690,34140,450,33690,33690,0
Kyogong,MERCY CHEPKORIR,"Kyogong Choma Zone POS, Kyogong Non-consumables POS, Kyogong Restaurant POS",SHF-20261002-0001,2026-10-02T04:04:51.817Z,691570,27840,719410,197560,-521850,457810,196210,27840
Kyogong,VENNY CHERONO,"Kyogong Main Bar POS",SHF-20261002-0008,2026-10-02T09:25:22.291Z,66850,6180,73030,73030,0,73030,73030,6180
Kyogong,FELISHA CHEPNGETICH,"Kyogong Executive Bar POS",SHF-20261002-0010,2026-10-02T10:16:43.168Z,16340,6000,22340,22340,0,22340,22340,6000
Kyogong,MERCY CHEPKORIR,"Kyogong Choma Zone POS, Kyogong Non-consumables POS, Kyogong Restaurant POS",SHF-20261003-0001,2026-10-03T03:53:36.236Z,179240,0,179240,179240,0,179240,179240,2860
Kyogong,FELISHA CHEPNGETICH,"Kyogong Executive Bar POS",SHF-20261003-0006,2026-10-03T07:44:35.885Z,10500,0,10500,10500,0,10500,10500,0
Kyogong,VENNY CHERONO,"Kyogong Main Bar POS",SHF-20261003-0009,2026-10-03T10:17:43.660Z,9310,0,9310,9310,0,9310,9310,0
LITEIN,FAITH CHEBET,"LITEIN Restaurant POS",SHF-20261001-0002,2026-10-01T03:57:38.373Z,63730,7410,71140,74610,3470,71140,71140,11030
LITEIN,CHERONO AUGUSTICA,"LITEIN Main Bar POS",SHF-20261001-0009,2026-10-01T12:45:23.050Z,80910,2850,83760,83760,0,83760,83760,2850
LITEIN,JACKLINE TOWETT,"LITEIN Restaurant POS",SHF-20261002-0002,2026-10-02T04:09:16.336Z,89120,6260,95380,96250,870,95380,95380,7130
LITEIN,JUDY CHEROTICH,"LITEIN Main Bar POS",SHF-20261002-0011,2026-10-02T11:17:43.110Z,263680,10250,273930,273980,50,273930,273930,10300
LITEIN,FAITH CHEBET,"LITEIN Restaurant POS",SHF-20261003-0004,2026-10-03T05:49:06.992Z,77950,0,77950,77950,0,77950,77950,0
LITEIN,CHERONO AUGUSTICA,"LITEIN Main Bar POS",SHF-20261003-0008,2026-10-03T09:34:07.024Z,7520,0,7520,7520,0,7520,7520,0
MOGOGOSHIEK,Faith Cherono,"MOGOGOSHIEK Main Bar POS",SHF-20260904-0002,2026-09-04T05:09:11.491Z,69940,0,69940,69940,0,69940,69940,0
MOGOGOSHIEK,PERIS CHEPNGETICH,"MOGOGOSHIEK Restaurant POS",SHF-20260904-0003,2026-09-04T05:09:33.350Z,44570,1360,45930,45850,-80,45930,45840,1360
MOGOGOSHIEK,Faith Cherono,"MOGOGOSHIEK Main Bar POS",SHF-20260905-0003,2026-09-05T04:36:29.699Z,104050,0,104050,104050,0,104050,104050,0
MOGOGOSHIEK,PERIS CHEPNGETICH,"MOGOGOSHIEK Restaurant POS",SHF-20260905-0005,2026-09-05T07:51:58.139Z,54390,2820,57210,57210,0,57210,57210,2820
MOGOGOSHIEK,Faith Cherono,"MOGOGOSHIEK Main Bar POS",SHF-20260906-0003,2026-09-06T07:35:47.771Z,142050,0,142050,142050,0,142050,142050,0
MOGOGOSHIEK,PERIS CHEPNGETICH,"MOGOGOSHIEK Restaurant POS",SHF-20260906-0004,2026-09-06T07:36:12.612Z,60790,1230,62020,62020,0,62020,62020,1230
MOGOGOSHIEK,PERIS CHEPNGETICH,"MOGOGOSHIEK Restaurant POS",SHF-20260907-0004,2026-09-07T04:50:41.956Z,43130,2370,45500,45500,0,45500,45500,2370
MOGOGOSHIEK,Faith Cherono,"MOGOGOSHIEK Main Bar POS",SHF-20260907-0005,2026-09-07T05:24:02.867Z,20420,0,20420,20420,0,20420,20420,0
MOGOGOSHIEK,Faith Cherono,"MOGOGOSHIEK Main Bar POS",SHF-20260908-0003,2026-09-08T05:18:21.708Z,44690,0,44690,44690,0,44690,44690,0
MOGOGOSHIEK,PERIS CHEPNGETICH,"MOGOGOSHIEK Restaurant POS",SHF-20260908-0004,2026-09-08T05:18:51.947Z,46510,2740,49250,49250,0,49250,49250,2740
MOGOGOSHIEK,Faith Cherono,"MOGOGOSHIEK Main Bar POS",SHF-20260909-0003,2026-09-09T05:28:42.061Z,94000,0,94000,94000,0,94000,94000,0
MOGOGOSHIEK,PERIS CHEPNGETICH,"MOGOGOSHIEK Restaurant POS",SHF-20260909-0004,2026-09-09T05:29:34.261Z,49610,450,50060,50060,0,50060,50060,450
MOGOGOSHIEK,Faith Cherono,"MOGOGOSHIEK Main Bar POS",SHF-20260910-0003,2026-09-10T05:49:25.433Z,43580,0,43580,43580,0,43580,43580,0
MOGOGOSHIEK,PERIS CHEPNGETICH,"MOGOGOSHIEK Restaurant POS",SHF-20260910-0004,2026-09-10T05:49:56.654Z,47380,1540,48920,48920,0,48920,48920,1540
MOGOGOSHIEK,Faith Cherono,"MOGOGOSHIEK Main Bar POS",SHF-20260911-0003,2026-09-11T05:25:05.808Z,32440,0,32440,32440,0,32440,32440,0
MOGOGOSHIEK,PERIS CHEPNGETICH,"MOGOGOSHIEK Restaurant POS",SHF-20260911-0004,2026-09-11T05:25:30.157Z,56710,800,57510,57510,0,57510,57510,800
MOGOGOSHIEK,Faith Cherono,"MOGOGOSHIEK Main Bar POS",SHF-20260912-0003,2026-09-12T05:22:37.027Z,103730,0,103730,103730,0,103730,103730,0
MOGOGOSHIEK,PERIS CHEPNGETICH,"MOGOGOSHIEK Restaurant POS",SHF-20260912-0004,2026-09-12T05:23:07.998Z,63620,9320,72940,72940,0,72940,72940,9320
MOGOGOSHIEK,Faith Cherono,"MOGOGOSHIEK Main Bar POS",SHF-20260913-0003,2026-09-13T04:58:07.310Z,81510,0,81510,81510,0,81510,81510,0
MOGOGOSHIEK,PERIS CHEPNGETICH,"MOGOGOSHIEK Restaurant POS",SHF-20260913-0005,2026-09-13T06:46:27.096Z,43190,850,44040,44040,0,44040,44040,850
MOGOGOSHIEK,Faith Cherono,"MOGOGOSHIEK Main Bar POS",SHF-20260914-0003,2026-09-14T05:24:09.016Z,25020,2100,27120,27120,0,27120,27120,5600
MOGOGOSHIEK,PERIS CHEPNGETICH,"MOGOGOSHIEK Restaurant POS",SHF-20260914-0004,2026-09-14T05:24:39.009Z,22310,1580,23890,23890,0,23890,23890,1580
MOGOGOSHIEK,Faith Cherono,"MOGOGOSHIEK Main Bar POS",SHF-20260915-0004,2026-09-15T05:39:52.000Z,47330,8850,56180,56180,0,56180,56180,8850
MOGOGOSHIEK,PERIS CHEPNGETICH,"MOGOGOSHIEK Restaurant POS",SHF-20260915-0005,2026-09-15T05:40:46.812Z,30450,1090,31540,31440,-100,31540,29390,1090
MOGOGOSHIEK,Faith Cherono,"MOGOGOSHIEK Main Bar POS",SHF-20260916-0003,2026-09-16T05:18:50.424Z,39750,1900,41650,41650,0,41650,41650,1900
MOGOGOSHIEK,PERIS CHEPNGETICH,"MOGOGOSHIEK Restaurant POS",SHF-20260916-0004,2026-09-16T05:19:23.428Z,27810,1540,29350,29350,0,29350,29350,1540
MOGOGOSHIEK,Faith Cherono,"MOGOGOSHIEK Main Bar POS",SHF-20260917-0003,2026-09-17T05:25:27.222Z,51880,0,51880,51880,0,51880,51880,0
MOGOGOSHIEK,PERIS CHEPNGETICH,"MOGOGOSHIEK Restaurant POS",SHF-20260917-0004,2026-09-17T05:25:51.851Z,29940,380,30320,30320,0,30320,30320,380
MOGOGOSHIEK,Faith Cherono,"MOGOGOSHIEK Main Bar POS",SHF-20260918-0003,2026-09-18T05:33:48.155Z,47550,1350,48900,48900,0,48900,48900,1350
MOGOGOSHIEK,PERIS CHEPNGETICH,"MOGOGOSHIEK Restaurant POS",SHF-20260918-0004,2026-09-18T05:34:27.699Z,35310,1990,37300,37300,0,37300,37300,1990
MOGOGOSHIEK,Faith Cherono,"MOGOGOSHIEK Main Bar POS",SHF-20260919-0003,2026-09-19T05:18:31.296Z,140410,0,140410,140410,0,140410,140410,0
MOGOGOSHIEK,PERIS CHEPNGETICH,"MOGOGOSHIEK Restaurant POS",SHF-20260919-0004,2026-09-19T05:19:22.736Z,50530,860,51390,51390,0,51390,51390,860
MOGOGOSHIEK,Faith Cherono,"MOGOGOSHIEK Main Bar POS",SHF-20260920-0003,2026-09-20T06:51:48.046Z,60520,0,60520,60520,0,60520,60520,0
MOGOGOSHIEK,PERIS CHEPNGETICH,"MOGOGOSHIEK Restaurant POS",SHF-20260920-0004,2026-09-20T06:52:11.006Z,50550,5450,56000,56000,0,56000,56000,5450
MOGOGOSHIEK,PERIS CHEPNGETICH,"MOGOGOSHIEK Restaurant POS",SHF-20260921-0003,2026-09-21T05:36:37.593Z,33600,390,33990,33990,0,33990,33990,390
MOGOGOSHIEK,Faith Cherono,"MOGOGOSHIEK Main Bar POS",SHF-20260921-0004,2026-09-21T05:37:11.369Z,18690,1800,20490,20490,0,20490,20490,1800
MOGOGOSHIEK,Faith Cherono,"MOGOGOSHIEK Main Bar POS",SHF-20260922-0003,2026-09-22T05:15:22.552Z,11910,1300,13210,13210,0,13210,13210,1300
MOGOGOSHIEK,PERIS CHEPNGETICH,"MOGOGOSHIEK Restaurant POS",SHF-20260922-0004,2026-09-22T05:44:02.590Z,24870,1240,26110,26110,0,26110,26110,1240
MOGOGOSHIEK,Faith Cherono,"MOGOGOSHIEK Main Bar POS",SHF-20260923-0003,2026-09-23T05:07:18.218Z,38650,0,38650,38650,0,38650,38650,0
MOGOGOSHIEK,PERIS CHEPNGETICH,"MOGOGOSHIEK Restaurant POS",SHF-20260923-0004,2026-09-23T06:53:14.574Z,33740,1130,34870,34830,-40,34870,34870,1130
MOGOGOSHIEK,Faith Cherono,"MOGOGOSHIEK Main Bar POS",SHF-20260924-0003,2026-09-24T05:09:52.708Z,57220,0,57220,57220,0,57220,57220,0
MOGOGOSHIEK,PERIS CHEPNGETICH,"MOGOGOSHIEK Restaurant POS",SHF-20260924-0004,2026-09-24T05:10:23.420Z,30960,1960,32920,32920,0,32920,32920,1960
MOGOGOSHIEK,Faith Cherono,"MOGOGOSHIEK Main Bar POS",SHF-20260925-0003,2026-09-25T05:22:25.953Z,47360,0,47360,47360,0,47360,47360,0
MOGOGOSHIEK,PERIS CHEPNGETICH,"MOGOGOSHIEK Restaurant POS",SHF-20260925-0004,2026-09-25T05:23:00.093Z,44780,720,45500,45500,0,45500,45500,720
MOGOGOSHIEK,Faith Cherono,"MOGOGOSHIEK Main Bar POS",SHF-20260926-0003,2026-09-26T06:58:40.134Z,117590,7110,124700,124700,0,124700,124700,7110
MOGOGOSHIEK,PERIS CHEPNGETICH,"MOGOGOSHIEK Restaurant POS",SHF-20260926-0004,2026-09-26T07:00:21.330Z,55860,1990,57850,57850,0,57850,57850,1990
MOGOGOSHIEK,Faith Cherono,"MOGOGOSHIEK Main Bar POS",SHF-20260927-0003,2026-09-27T05:28:14.540Z,37030,0,37030,37030,0,37030,37030,0
MOGOGOSHIEK,PERIS CHEPNGETICH,"MOGOGOSHIEK Restaurant POS",SHF-20260927-0004,2026-09-27T05:28:40.363Z,53880,1360,55240,55240,0,55240,55240,1360
MOGOGOSHIEK,Faith Cherono,"MOGOGOSHIEK Main Bar POS",SHF-20260928-0003,2026-09-28T05:53:25.088Z,13600,0,13600,13600,0,13600,13600,0
MOGOGOSHIEK,PERIS CHEPNGETICH,"MOGOGOSHIEK Restaurant POS",SHF-20260928-0004,2026-09-28T05:53:49.538Z,24580,1410,25990,25990,0,25990,25990,1410
MOGOGOSHIEK,Faith Cherono,"MOGOGOSHIEK Main Bar POS",SHF-20260929-0003,2026-09-29T04:43:05.235Z,22100,0,22100,22100,0,22100,22100,0
MOGOGOSHIEK,PERIS CHEPNGETICH,"MOGOGOSHIEK Restaurant POS",SHF-20260929-0004,2026-09-29T04:43:37.927Z,30400,890,31290,31290,0,31290,31290,890
MOGOGOSHIEK,Faith Cherono,"MOGOGOSHIEK Main Bar POS",SHF-20260930-0002,2026-09-30T04:59:21.814Z,22020,0,22020,22020,0,22020,22020,0
MOGOGOSHIEK,PERIS CHEPNGETICH,"MOGOGOSHIEK Restaurant POS",SHF-20260930-0006,2026-09-30T07:14:52.564Z,30590,1490,32080,32080,0,32080,32080,1490
MOGOGOSHIEK,Faith Cherono,"MOGOGOSHIEK Main Bar POS",SHF-20261001-0003,2026-10-01T05:20:40.646Z,11810,0,11810,11810,0,11810,11810,0
MOGOGOSHIEK,PERIS CHEPNGETICH,"MOGOGOSHIEK Restaurant POS",SHF-20261001-0005,2026-10-01T06:29:30.199Z,30650,2400,33050,33050,0,33050,33050,2400
MOGOGOSHIEK,Faith Cherono,"MOGOGOSHIEK Main Bar POS",SHF-20261002-0004,2026-10-02T05:15:33.841Z,36990,0,36990,36990,0,36990,36990,0
MOGOGOSHIEK,PERIS CHEPNGETICH,"MOGOGOSHIEK Restaurant POS",SHF-20261002-0005,2026-10-02T05:16:10.826Z,47540,1720,49260,49260,0,49260,49260,1720
MOGOGOSHIEK,Faith Cherono,"MOGOGOSHIEK Main Bar POS",SHF-20261003-0003,2026-10-03T05:22:17.319Z,46700,0,46700,46700,0,46700,46700,400
MOGOGOSHIEK,PERIS CHEPNGETICH,"MOGOGOSHIEK Restaurant POS",SHF-20261003-0005,2026-10-03T06:21:28.760Z,58480,0,58480,58480,0,58480,58480,1000
SOTIK,EVANS KORIR,"SOTIK Main Bar POS",SHF-20260904-0005,2026-09-04T06:56:04.454Z,94000,0,94000,94000,0,94000,94000,0
SOTIK,EVANS KORIR,"SOTIK Main Bar POS",SHF-20260905-0004,2026-09-05T07:15:20.179Z,83120,0,83120,83120,0,83120,83120,0
SOTIK,EVANS KORIR,"SOTIK Main Bar POS",SHF-20260906-0005,2026-09-06T08:03:05.657Z,99010,0,99010,99010,0,99010,99010,0
SOTIK,EVANS KORIR,"SOTIK Main Bar POS",SHF-20260907-0006,2026-09-07T07:24:06.574Z,178890,0,178890,178890,0,178890,178890,0
SOTIK,EVANS KORIR,"SOTIK Main Bar POS",SHF-20260910-0006,2026-09-10T08:02:40.038Z,52300,0,52300,52300,0,52300,52300,0
SOTIK,EVANS KORIR,"SOTIK Main Bar POS",SHF-20260911-0005,2026-09-11T06:50:10.720Z,6400,0,6400,43920,37520,6400,43920,0
SOTIK,EVANS KORIR,"SOTIK Main Bar POS",SHF-20260912-0005,2026-09-12T06:14:52.583Z,57620,0,57620,57620,0,57620,57620,0
SOTIK,EVANS KORIR,"SOTIK Main Bar POS",SHF-20260913-0004,2026-09-13T05:05:05.601Z,44110,0,44110,75970,31860,44110,75970,0
SOTIK,FANCY CHEMUTAI,"SOTIK Main Bar POS",SHF-20260914-0005,2026-09-14T07:16:32.430Z,84430,0,84430,94290,9860,84430,94290,0
SOTIK,EVANS KORIR,"SOTIK Main Bar POS",SHF-20260915-0001,2026-09-15T04:03:00.286Z,41460,0,41460,72760,31300,41460,72760,0
SOTIK,EVANS KORIR,"SOTIK Main Bar POS",SHF-20260918-0008,2026-09-18T11:24:53.491Z,66980,0,66980,66980,0,66980,66980,0
SOTIK,EVANS KORIR,"SOTIK Main Bar POS",SHF-20260919-0006,2026-09-19T08:44:08.968Z,73980,0,73980,73980,0,73980,73980,0
SOTIK,EVANS KORIR,"SOTIK Main Bar POS",SHF-20260920-0006,2026-09-20T07:41:37.335Z,95780,0,95780,95780,0,95780,95780,0
SOTIK,FANCY CHEMUTAI,"SOTIK Main Bar POS",SHF-20260921-0006,2026-09-21T09:41:32.997Z,47600,0,47600,47600,0,47600,47600,0
SOTIK,EVANS KORIR,"SOTIK Main Bar POS",SHF-20260922-0008,2026-09-22T09:39:49.963Z,61240,0,61240,61240,0,61240,61240,0
SOTIK,FANCY CHEMUTAI,"SOTIK Main Bar POS",SHF-20260923-0005,2026-09-23T08:14:29.050Z,70850,0,70850,70850,0,70850,70850,0
SOTIK,FANCY CHEMUTAI,"SOTIK Main Bar POS",SHF-20260924-0005,2026-09-24T07:27:43.068Z,65670,0,65670,104030,38360,65670,104030,0
SOTIK,EVANS KORIR,"",SHF-20260924-0009,2026-09-24T10:45:15.159Z,38360,0,38360,0,-38360,38360,0,0
SOTIK,FANCY CHEMUTAI,"SOTIK Main Bar POS",SHF-20260926-0005,2026-09-26T07:36:56.445Z,119530,0,119530,254900,135370,119530,254900,0
SOTIK,EVANS KORIR,"",SHF-20260926-0006,2026-09-26T07:47:42.890Z,100700,0,100700,0,-100700,100700,0,0
SOTIK,EVANS KORIR,"",SHF-20260928-0008,2026-09-28T12:42:14.356Z,34670,0,34670,0,-34670,34670,0,0
SOTIK,FANCY CHEMUTAI,"SOTIK Main Bar POS",SHF-20260930-0004,2026-09-30T05:59:52.903Z,78470,0,78470,115600,37130,78470,115600,0
SOTIK,EVANS KORIR,"",SHF-20260930-0005,2026-09-30T06:01:39.527Z,37130,0,37130,0,-37130,37130,0,0
SOTIK,FANCY CHEMUTAI,"SOTIK Main Bar POS",SHF-20261002-0006,2026-10-02T08:02:15.779Z,61330,0,61330,109210,47880,61330,109210,0
SOTIK,EVANS KORIR,"",SHF-20261002-0007,2026-10-02T08:10:05.489Z,47880,0,47880,0,-47880,47880,0,0